week,lane,region,mode,carrier,units,spend_usd,on_time_pct,damage_rate_pct,invoice_accuracy_pct,days_to_settle,fuel_share,week_start
1,LAX→ORD,North America,Truckload,BlueLine Express,13361,43547.7,90.92,0.189,98.47,41,0.32,2025-03-03
1,SEA→ORD,North America,Truckload,Northwind Freight,40626,121312.27,98.07,0.284,97.35,46,0.32,2025-03-03
1,SEA→LAX,North America,LTL,Atlas Logistics,14441,61632.37,93.19,0.199,97.51,47,0.28,2025-03-03
1,EWR→MEM,North America,Truckload,Meridian Carriers,27970,95881.86,94.5,0.584,97.91,39,0.32,2025-03-03
1,DFW→EWR,North America,LTL,Northwind Freight,14018,59952.92,90.05,0.584,98.83,45,0.28,2025-03-03
1,DFW→LAX,North America,LTL,Atlas Logistics,34873,161599.44,93.84,0.247,97.35,41,0.28,2025-03-03
1,ORD→PHX,North America,Air,Skyway Cargo,12163,103399.5,93.1,0.538,96.13,40,0.42,2025-03-03
1,PHX→ATL,North America,LTL,Atlas Logistics,19461,92253.11,93.54,0.723,96.08,46,0.28,2025-03-03
1,MAD→MXP,Europe,Truckload,Meridian Carriers,19399,56619.77,92.87,0.693,97.62,45,0.32,2025-03-03
1,MXP→FRA,Europe,LTL,BlueLine Express,35963,156005.8,93.9,0.514,98.25,44,0.28,2025-03-03
1,FRA→MXP,Europe,Air,Skyway Cargo,18195,156199.15,95.61,0.539,97.01,44,0.42,2025-03-03
1,AMS→MAD,Europe,Truckload,Northwind Freight,8539,27994.21,90.95,0.243,96.81,43,0.32,2025-03-03
1,WAW→LHR,Europe,Truckload,Atlas Logistics,20423,65124.24,95.3,0.213,98.89,46,0.32,2025-03-03
1,WAW→FRA,Europe,Intermodal,Pacific Rail Co,11655,25908.16,98.08,0.618,96.34,39,0.18,2025-03-03
1,ICN→DEL,Asia Pacific,Truckload,BlueLine Express,42128,143771.79,97.5,0.42,96.36,45,0.32,2025-03-03
1,DEL→SYD,Asia Pacific,Intermodal,Pacific Rail Co,12904,33295.57,89.82,0.437,96.64,39,0.18,2025-03-03
1,NRT→SYD,Asia Pacific,Intermodal,Pacific Rail Co,39932,86915.36,96.13,0.218,99.47,47,0.18,2025-03-03
1,SIN→SYD,Asia Pacific,LTL,Northwind Freight,22583,114985.64,93.87,0.311,97.3,41,0.28,2025-03-03
1,ICN→SYD,Asia Pacific,Intermodal,Pacific Rail Co,26766,61889.06,94.29,0.378,96.5,38,0.18,2025-03-03
1,SYD→NRT,Asia Pacific,Truckload,Northwind Freight,37190,108313.63,99.43,0.341,97.09,42,0.32,2025-03-03
1,DEL→SIN,Asia Pacific,LTL,Atlas Logistics,15122,73679.68,95.99,0.582,97.46,45,0.28,2025-03-03
1,ICN→SIN,Asia Pacific,Truckload,BlueLine Express,8269,27058.42,89.52,0.563,97.6,40,0.32,2025-03-03
2,LAX→ORD,North America,Truckload,BlueLine Express,15149,49768.5,91.72,0.306,98.16,40,0.32,2025-03-10
2,SEA→ORD,North America,Truckload,Northwind Freight,38553,112167.11,98,0.212,97.13,45,0.32,2025-03-10
2,SEA→LAX,North America,LTL,Atlas Logistics,15720,71444.17,93.91,0.31,98.25,42,0.28,2025-03-10
2,EWR→MEM,North America,Truckload,Meridian Carriers,31854,109035.85,95.43,0.531,96.75,40,0.32,2025-03-10
2,DFW→EWR,North America,LTL,Northwind Freight,13705,58320.52,91.68,0.505,97.54,44,0.28,2025-03-10
2,DFW→LAX,North America,LTL,Atlas Logistics,30371,142253.05,90.79,0.232,98.96,41,0.28,2025-03-10
2,ORD→PHX,North America,Air,Skyway Cargo,13098,112139.93,91.84,0.562,97.21,39,0.42,2025-03-10
2,PHX→ATL,North America,LTL,Atlas Logistics,17633,84668.33,92.6,0.722,98.4,46,0.28,2025-03-10
2,MAD→MXP,Europe,Truckload,Meridian Carriers,16228,48618.14,92.11,0.635,98.36,42,0.32,2025-03-10
2,MXP→FRA,Europe,LTL,BlueLine Express,38822,163833.78,95.24,0.439,99.14,39,0.28,2025-03-10
2,FRA→MXP,Europe,Air,Skyway Cargo,18220,160182.5,98.49,0.491,98.43,41,0.42,2025-03-10
2,AMS→MAD,Europe,Truckload,Northwind Freight,8694,26942.64,88.78,0.282,96.74,46,0.32,2025-03-10
2,WAW→LHR,Europe,Truckload,Atlas Logistics,19258,64830.84,94.23,0.196,97.03,41,0.32,2025-03-10
2,WAW→FRA,Europe,Intermodal,Pacific Rail Co,11712,24847.84,99.33,0.575,96.55,39,0.18,2025-03-10
2,ICN→DEL,Asia Pacific,Truckload,BlueLine Express,44431,149317.92,95.92,0.369,96.07,41,0.32,2025-03-10
2,DEL→SYD,Asia Pacific,Intermodal,Pacific Rail Co,12750,32974.44,92.28,0.42,97.32,44,0.18,2025-03-10
2,NRT→SYD,Asia Pacific,Intermodal,Pacific Rail Co,41528,92117.91,96.82,0.244,96.93,42,0.18,2025-03-10
2,SIN→SYD,Asia Pacific,LTL,Northwind Freight,22542,114359.29,95.75,0.42,96.25,38,0.28,2025-03-10
2,ICN→SYD,Asia Pacific,Intermodal,Pacific Rail Co,31768,78114.79,95.54,0.446,98.79,39,0.18,2025-03-10
2,SYD→NRT,Asia Pacific,Truckload,Northwind Freight,38771,112705.23,99.02,0.279,98.6,45,0.32,2025-03-10
2,DEL→SIN,Asia Pacific,LTL,Atlas Logistics,17153,85056.05,96.02,0.644,99.24,45,0.28,2025-03-10
2,ICN→SIN,Asia Pacific,Truckload,BlueLine Express,9250,30647.45,92.83,0.66,98.62,40,0.32,2025-03-10
3,LAX→ORD,North America,Truckload,BlueLine Express,15310,49010.24,88.5,0.272,99.3,45,0.32,2025-03-17
3,SEA→ORD,North America,Truckload,Northwind Freight,36347,106504.01,95.19,0.196,97.47,44,0.32,2025-03-17
3,SEA→LAX,North America,LTL,Atlas Logistics,16001,70568.89,94.84,0.219,98.45,46,0.28,2025-03-17
3,EWR→MEM,North America,Truckload,Meridian Carriers,32637,111116.51,93.83,0.617,98.38,45,0.32,2025-03-17
3,DFW→EWR,North America,LTL,Northwind Freight,13346,60041.26,90.4,0.501,97.46,39,0.28,2025-03-17
3,DFW→LAX,North America,LTL,Atlas Logistics,31544,147205.04,91.28,0.345,97.56,44,0.28,2025-03-17
3,ORD→PHX,North America,Air,Skyway Cargo,13566,122632.16,92.47,0.512,96.35,41,0.42,2025-03-17
3,PHX→ATL,North America,LTL,Atlas Logistics,17863,81898.95,91.24,0.68,96.93,45,0.28,2025-03-17
3,MAD→MXP,Europe,Truckload,Meridian Carriers,19354,56534.47,92.19,0.707,96.52,47,0.32,2025-03-17
3,MXP→FRA,Europe,LTL,BlueLine Express,35050,152672.2,94.97,0.459,99.33,42,0.28,2025-03-17
3,FRA→MXP,Europe,Air,Skyway Cargo,16411,151647.7,97.05,0.538,96.2,46,0.42,2025-03-17
3,AMS→MAD,Europe,Truckload,Northwind Freight,9257,29558.27,88.84,0.201,96.56,44,0.32,2025-03-17
3,WAW→LHR,Europe,Truckload,Atlas Logistics,20335,65776.96,94.18,0.204,96.92,45,0.32,2025-03-17
3,WAW→FRA,Europe,Intermodal,Pacific Rail Co,11396,24843.35,97.48,0.668,96.63,39,0.18,2025-03-17
3,ICN→DEL,Asia Pacific,Truckload,BlueLine Express,44615,150239.6,97.13,0.35,97.96,43,0.32,2025-03-17
3,DEL→SYD,Asia Pacific,Intermodal,Pacific Rail Co,13383,32888.48,89.35,0.492,97.46,45,0.18,2025-03-17
3,NRT→SYD,Asia Pacific,Intermodal,Pacific Rail Co,39658,85356.41,95.23,0.271,98.21,45,0.18,2025-03-17
3,SIN→SYD,Asia Pacific,LTL,Northwind Freight,23045,114934.75,95.57,0.42,96.97,42,0.28,2025-03-17
3,ICN→SYD,Asia Pacific,Intermodal,Pacific Rail Co,30049,72889.55,94.53,0.465,98.13,42,0.18,2025-03-17
3,SYD→NRT,Asia Pacific,Truckload,Northwind Freight,39720,110415.9,99.36,0.25,97.65,43,0.32,2025-03-17
3,DEL→SIN,Asia Pacific,LTL,Atlas Logistics,15867,78526.75,95.44,0.552,98.54,42,0.28,2025-03-17
3,ICN→SIN,Asia Pacific,Truckload,BlueLine Express,8963,28375,90.33,0.637,99.29,41,0.32,2025-03-17
4,LAX→ORD,North America,Truckload,BlueLine Express,14967,49611.8,91.6,0.263,97.65,46,0.32,2025-03-24
4,SEA→ORD,North America,Truckload,Northwind Freight,37600,110497.53,97.91,0.192,99.19,41,0.32,2025-03-24
4,SEA→LAX,North America,LTL,Atlas Logistics,14680,65377.52,96.49,0.312,98.77,42,0.28,2025-03-24
4,EWR→MEM,North America,Truckload,Meridian Carriers,30567,101514.57,94.38,0.489,98.87,39,0.32,2025-03-24
4,DFW→EWR,North America,LTL,Northwind Freight,12456,54476.56,88.84,0.525,96.94,45,0.28,2025-03-24
4,DFW→LAX,North America,LTL,Atlas Logistics,31310,142645.64,92.3,0.352,96.22,38,0.28,2025-03-24
4,ORD→PHX,North America,Air,Skyway Cargo,13022,120163.79,93.89,0.595,97.14,38,0.42,2025-03-24
4,PHX→ATL,North America,LTL,Atlas Logistics,19554,93428.59,94.02,0.656,98.82,39,0.28,2025-03-24
4,MAD→MXP,Europe,Truckload,Meridian Carriers,17743,51867.93,92.61,0.617,98.99,42,0.32,2025-03-24
4,MXP→FRA,Europe,LTL,BlueLine Express,38026,168865.46,96.99,0.425,97.41,43,0.28,2025-03-24
4,FRA→MXP,Europe,Air,Skyway Cargo,16114,142811.01,96.56,0.533,99.05,38,0.42,2025-03-24
4,AMS→MAD,Europe,Truckload,Northwind Freight,8269,26812.29,91.17,0.273,96.2,38,0.32,2025-03-24
4,WAW→LHR,Europe,Truckload,Atlas Logistics,19507,66873.85,94.1,0.189,96.09,39,0.32,2025-03-24
4,WAW→FRA,Europe,Intermodal,Pacific Rail Co,11985,26339.06,97.69,0.613,98.73,42,0.18,2025-03-24
4,ICN→DEL,Asia Pacific,Truckload,BlueLine Express,44537,157551.79,97.2,0.356,96.46,45,0.32,2025-03-24
4,DEL→SYD,Asia Pacific,Intermodal,Pacific Rail Co,15058,37435.69,90.9,0.457,99.1,46,0.18,2025-03-24
4,NRT→SYD,Asia Pacific,Intermodal,Pacific Rail Co,39173,83144.82,95.32,0.181,96.09,44,0.18,2025-03-24
4,SIN→SYD,Asia Pacific,LTL,Northwind Freight,22922,112421.18,95.33,0.414,97.51,42,0.28,2025-03-24
4,ICN→SYD,Asia Pacific,Intermodal,Pacific Rail Co,32251,76383.11,92.03,0.429,97.36,41,0.18,2025-03-24
4,SYD→NRT,Asia Pacific,Truckload,Northwind Freight,38367,106570.54,98.23,0.278,97.56,39,0.32,2025-03-24
4,DEL→SIN,Asia Pacific,LTL,Atlas Logistics,16487,83777.13,96.72,0.544,97.33,41,0.28,2025-03-24
4,ICN→SIN,Asia Pacific,Truckload,BlueLine Express,9628,30620.35,90.65,0.641,98.91,40,0.32,2025-03-24
5,LAX→ORD,North America,Truckload,BlueLine Express,14290,46217.42,90.89,0.295,96.78,45,0.32,2025-03-31
5,SEA→ORD,North America,Truckload,Northwind Freight,37944,111782.27,94.58,0.277,96.81,47,0.32,2025-03-31
5,SEA→LAX,North America,LTL,Atlas Logistics,14670,65910.58,94.37,0.276,96.11,39,0.28,2025-03-31
5,EWR→MEM,North America,Truckload,Meridian Carriers,32697,111718.93,93.36,0.509,97.21,39,0.32,2025-03-31
5,DFW→EWR,North America,LTL,Northwind Freight,13009,55927.04,89.78,0.517,98.02,40,0.28,2025-03-31
5,DFW→LAX,North America,LTL,Atlas Logistics,35029,165224.61,93.48,0.309,97.34,45,0.28,2025-03-31
5,ORD→PHX,North America,Air,Skyway Cargo,14183,123397.79,93.08,0.604,98.75,43,0.42,2025-03-31
5,PHX→ATL,North America,LTL,Atlas Logistics,21958,106556.32,94.1,0.614,98.45,38,0.28,2025-03-31
5,MAD→MXP,Europe,Truckload,Meridian Carriers,17658,53189.58,89.41,0.665,96.36,39,0.32,2025-03-31
5,MXP→FRA,Europe,LTL,BlueLine Express,39328,173392.16,95.31,0.418,98.82,39,0.28,2025-03-31
5,FRA→MXP,Europe,Air,Skyway Cargo,18855,180687,98.9,0.522,96.3,46,0.42,2025-03-31
5,AMS→MAD,Europe,Truckload,Northwind Freight,8956,30137.89,92.26,0.186,96.88,38,0.32,2025-03-31
5,WAW→LHR,Europe,Truckload,Atlas Logistics,22072,71656.61,97.08,0.166,98.9,47,0.32,2025-03-31
5,WAW→FRA,Europe,Intermodal,Pacific Rail Co,10792,24754.22,99.3,0.579,96.42,41,0.18,2025-03-31
5,ICN→DEL,Asia Pacific,Truckload,BlueLine Express,42592,147759.92,98.32,0.377,96.28,39,0.32,2025-03-31
5,DEL→SYD,Asia Pacific,Intermodal,Pacific Rail Co,15730,41325.53,89.42,0.487,96.33,45,0.18,2025-03-31
5,NRT→SYD,Asia Pacific,Intermodal,Pacific Rail Co,37714,84927.07,95.49,0.259,96.53,43,0.18,2025-03-31
5,SIN→SYD,Asia Pacific,LTL,Northwind Freight,23275,121274.7,95.32,0.323,97.37,40,0.28,2025-03-31
5,ICN→SYD,Asia Pacific,Intermodal,Pacific Rail Co,28320,69862.83,94.88,0.429,96.04,41,0.18,2025-03-31
5,SYD→NRT,Asia Pacific,Truckload,Northwind Freight,34910,101741.24,95.98,0.344,99.33,38,0.32,2025-03-31
5,DEL→SIN,Asia Pacific,LTL,Atlas Logistics,18285,90362.97,97.3,0.572,96.42,38,0.28,2025-03-31
5,ICN→SIN,Asia Pacific,Truckload,BlueLine Express,9073,31211.81,92.45,0.695,98.49,38,0.32,2025-03-31
6,LAX→ORD,North America,Truckload,BlueLine Express,14154,48169.07,88.21,0.177,99.23,47,0.32,2025-04-07
6,SEA→ORD,North America,Truckload,Northwind Freight,41919,124463.61,97.56,0.277,99.13,39,0.32,2025-04-07
6,SEA→LAX,North America,LTL,Atlas Logistics,14088,64659.14,93.11,0.255,96.2,43,0.28,2025-04-07
6,EWR→MEM,North America,Truckload,Meridian Carriers,29901,107391.51,91.86,0.529,97.93,44,0.32,2025-04-07
6,DFW→EWR,North America,LTL,Northwind Freight,12963,60494.61,91.37,0.623,98.35,41,0.28,2025-04-07
6,DFW→LAX,North America,LTL,Atlas Logistics,32309,152848.17,92.49,0.361,99.06,45,0.28,2025-04-07
6,ORD→PHX,North America,Air,Skyway Cargo,13717,129022.11,91.56,0.615,97.61,44,0.42,2025-04-07
6,PHX→ATL,North America,LTL,Atlas Logistics,19905,96226.91,90.8,0.718,99.36,47,0.28,2025-04-07
6,MAD→MXP,Europe,Truckload,Meridian Carriers,18977,58376.78,90.32,0.735,96.87,42,0.32,2025-04-07
6,MXP→FRA,Europe,LTL,BlueLine Express,35874,161553.91,96.46,0.514,96.23,43,0.28,2025-04-07
6,FRA→MXP,Europe,Air,Skyway Cargo,18141,168402.13,98.59,0.56,96.89,45,0.42,2025-04-07
6,AMS→MAD,Europe,Truckload,Northwind Freight,9234,30552.43,90.2,0.209,97.93,43,0.32,2025-04-07
6,WAW→LHR,Europe,Truckload,Atlas Logistics,21692,74294.83,94.64,0.228,97.46,39,0.32,2025-04-07
6,WAW→FRA,Europe,Intermodal,Pacific Rail Co,12759,29400.45,96.45,0.549,96.05,45,0.18,2025-04-07
6,ICN→DEL,Asia Pacific,Truckload,BlueLine Express,43267,152440.33,99.5,0.379,97.13,46,0.32,2025-04-07
6,DEL→SYD,Asia Pacific,Intermodal,Pacific Rail Co,13776,34556.63,92.02,0.383,97.16,44,0.18,2025-04-07
6,NRT→SYD,Asia Pacific,Intermodal,Pacific Rail Co,36948,79363.01,95.27,0.291,98.37,41,0.18,2025-04-07
6,SIN→SYD,Asia Pacific,LTL,Northwind Freight,21155,106085.87,96.31,0.421,98.15,42,0.28,2025-04-07
6,ICN→SYD,Asia Pacific,Intermodal,Pacific Rail Co,34342,82002.57,94.87,0.359,97.29,45,0.18,2025-04-07
6,SYD→NRT,Asia Pacific,Truckload,Northwind Freight,35191,98986.94,97.74,0.231,97.06,38,0.32,2025-04-07
6,DEL→SIN,Asia Pacific,LTL,Atlas Logistics,16564,79563.88,95.88,0.592,97.79,43,0.28,2025-04-07
6,ICN→SIN,Asia Pacific,Truckload,BlueLine Express,9021,30559.81,91.26,0.691,99.06,44,0.32,2025-04-07
7,LAX→ORD,North America,Truckload,BlueLine Express,16556,56388.56,89.55,0.31,96.29,44,0.32,2025-04-14
7,SEA→ORD,North America,Truckload,Northwind Freight,41021,121353.04,94.64,0.271,99.2,41,0.32,2025-04-14
7,SEA→LAX,North America,LTL,Atlas Logistics,14514,69155.64,93.77,0.24,99.42,43,0.28,2025-04-14
7,EWR→MEM,North America,Truckload,Meridian Carriers,33336,115409.11,94.65,0.622,97.83,40,0.32,2025-04-14
7,DFW→EWR,North America,LTL,Northwind Freight,15240,68619.74,89.81,0.533,98.23,44,0.28,2025-04-14
7,DFW→LAX,North America,LTL,Atlas Logistics,33328,150958.04,93.17,0.351,97.06,39,0.28,2025-04-14
7,ORD→PHX,North America,Air,Skyway Cargo,14157,125080.68,92.82,0.545,98.03,43,0.42,2025-04-14
7,PHX→ATL,North America,LTL,Atlas Logistics,20801,102156.74,91.75,0.655,97.4,39,0.28,2025-04-14
7,MAD→MXP,Europe,Truckload,Meridian Carriers,19950,60864.73,89.22,0.732,97.61,39,0.32,2025-04-14
7,MXP→FRA,Europe,LTL,BlueLine Express,36444,160716.28,95.49,0.469,97.22,44,0.28,2025-04-14
7,FRA→MXP,Europe,Air,Skyway Cargo,18663,177770.24,95.66,0.582,97.71,39,0.42,2025-04-14
7,AMS→MAD,Europe,Truckload,Northwind Freight,8451,28858.34,89.35,0.225,98.39,46,0.32,2025-04-14
7,WAW→LHR,Europe,Truckload,Atlas Logistics,22520,76425.71,94.31,0.298,97.27,46,0.32,2025-04-14
7,WAW→FRA,Europe,Intermodal,Pacific Rail Co,12986,30263.27,97.22,0.626,97.98,39,0.18,2025-04-14
7,ICN→DEL,Asia Pacific,Truckload,BlueLine Express,47026,160417.63,98.64,0.361,96.13,45,0.32,2025-04-14
7,DEL→SYD,Asia Pacific,Intermodal,Pacific Rail Co,14313,36503.03,90.84,0.504,99.2,42,0.18,2025-04-14
7,NRT→SYD,Asia Pacific,Intermodal,Pacific Rail Co,41692,89911.74,97.22,0.287,99.31,46,0.18,2025-04-14
7,SIN→SYD,Asia Pacific,LTL,Northwind Freight,21068,110967.32,96.98,0.398,98.67,39,0.28,2025-04-14
7,ICN→SYD,Asia Pacific,Intermodal,Pacific Rail Co,31735,77518.03,92.24,0.46,97.96,45,0.18,2025-04-14
7,SYD→NRT,Asia Pacific,Truckload,Northwind Freight,40030,118084.51,96.72,0.337,98.93,45,0.32,2025-04-14
7,DEL→SIN,Asia Pacific,LTL,Atlas Logistics,17359,85620.28,93.94,0.627,97.21,46,0.28,2025-04-14
7,ICN→SIN,Asia Pacific,Truckload,BlueLine Express,9365,30262.47,90.66,0.7,97.98,38,0.32,2025-04-14
8,LAX→ORD,North America,Truckload,BlueLine Express,16194,55505.22,91.75,0.181,97.85,44,0.32,2025-04-21
8,SEA→ORD,North America,Truckload,Northwind Freight,40831,126727.29,96.62,0.179,96.2,43,0.32,2025-04-21
8,SEA→LAX,North America,LTL,Atlas Logistics,16826,76924.08,96.1,0.229,96.9,39,0.28,2025-04-21
8,EWR→MEM,North America,Truckload,Meridian Carriers,32742,113832.66,94.15,0.614,98.48,41,0.32,2025-04-21
8,DFW→EWR,North America,LTL,Northwind Freight,14472,66745.17,90.5,0.589,99.5,43,0.28,2025-04-21
8,DFW→LAX,North America,LTL,Atlas Logistics,38011,171157.69,92.68,0.356,97.77,38,0.28,2025-04-21
8,ORD→PHX,North America,Air,Skyway Cargo,12667,119991.71,90.71,0.554,97.11,42,0.42,2025-04-21
8,PHX→ATL,North America,LTL,Atlas Logistics,22716,112870.04,92.99,0.714,96.61,40,0.28,2025-04-21
8,MAD→MXP,Europe,Truckload,Meridian Carriers,20633,62672.52,90.98,0.712,97.31,44,0.32,2025-04-21
8,MXP→FRA,Europe,LTL,BlueLine Express,37435,165942.73,93.82,0.404,98.54,39,0.28,2025-04-21
8,FRA→MXP,Europe,Air,Skyway Cargo,20481,193974.67,99.32,0.475,98.65,43,0.42,2025-04-21
8,AMS→MAD,Europe,Truckload,Northwind Freight,9078,29071.77,91.74,0.205,96.38,40,0.32,2025-04-21
8,WAW→LHR,Europe,Truckload,Atlas Logistics,24237,80865.61,95.32,0.188,97.73,42,0.32,2025-04-21
8,WAW→FRA,Europe,Intermodal,Pacific Rail Co,11946,27225.89,99.5,0.582,99.31,45,0.18,2025-04-21
8,ICN→DEL,Asia Pacific,Truckload,BlueLine Express,43873,159489.79,95.81,0.397,97.36,38,0.32,2025-04-21
8,DEL→SYD,Asia Pacific,Intermodal,Pacific Rail Co,16186,42791.39,89.11,0.371,98.07,46,0.18,2025-04-21
8,NRT→SYD,Asia Pacific,Intermodal,Pacific Rail Co,42233,94633.91,98.83,0.178,99.5,47,0.18,2025-04-21
8,SIN→SYD,Asia Pacific,LTL,Northwind Freight,24031,128226.42,95.02,0.413,96.02,45,0.28,2025-04-21
8,ICN→SYD,Asia Pacific,Intermodal,Pacific Rail Co,34521,83641.85,93.66,0.445,99.15,47,0.18,2025-04-21
8,SYD→NRT,Asia Pacific,Truckload,Northwind Freight,40092,116400.42,98.18,0.291,96.63,39,0.32,2025-04-21
8,DEL→SIN,Asia Pacific,LTL,Atlas Logistics,17267,82781.68,97.07,0.551,96.21,42,0.28,2025-04-21
8,ICN→SIN,Asia Pacific,Truckload,BlueLine Express,9736,32971.79,91.79,0.605,96.22,47,0.32,2025-04-21
9,LAX→ORD,North America,Truckload,BlueLine Express,16138,53559.06,91.53,0.17,97.64,39,0.32,2025-04-28
9,SEA→ORD,North America,Truckload,Northwind Freight,41965,125372,94.43,0.268,97.02,43,0.32,2025-04-28
9,SEA→LAX,North America,LTL,Atlas Logistics,14814,67633.77,94.53,0.264,97.28,44,0.28,2025-04-28
9,EWR→MEM,North America,Truckload,Meridian Carriers,32475,116096.08,91.8,0.502,96.42,42,0.32,2025-04-28
9,DFW→EWR,North America,LTL,Northwind Freight,14558,65512.14,89.36,0.591,98.35,41,0.28,2025-04-28
9,DFW→LAX,North America,LTL,Atlas Logistics,36531,167911.96,90.87,0.326,97.34,45,0.28,2025-04-28
9,ORD→PHX,North America,Air,Skyway Cargo,13998,125816.77,93.31,0.61,97.66,43,0.42,2025-04-28
9,PHX→ATL,North America,LTL,Atlas Logistics,19854,94993.54,91.22,0.664,97.3,40,0.28,2025-04-28
9,MAD→MXP,Europe,Truckload,Meridian Carriers,20323,62188.37,90.36,0.74,98.53,43,0.32,2025-04-28
9,MXP→FRA,Europe,LTL,BlueLine Express,38261,165649.04,96.29,0.395,99.34,43,0.28,2025-04-28
9,FRA→MXP,Europe,Air,Skyway Cargo,20488,191066.37,97.06,0.509,97.5,47,0.42,2025-04-28
9,AMS→MAD,Europe,Truckload,Northwind Freight,9067,29040.81,91.68,0.178,97.23,41,0.32,2025-04-28
9,WAW→LHR,Europe,Truckload,Atlas Logistics,22106,75905.28,94.37,0.222,96.07,46,0.32,2025-04-28
9,WAW→FRA,Europe,Intermodal,Pacific Rail Co,11448,25301.94,98.83,0.556,97.24,38,0.18,2025-04-28
9,ICN→DEL,Asia Pacific,Truckload,BlueLine Express,48260,173089,97.67,0.45,98.51,41,0.32,2025-04-28
9,DEL→SYD,Asia Pacific,Intermodal,Pacific Rail Co,15387,40690.86,89.18,0.414,99.2,41,0.18,2025-04-28
9,NRT→SYD,Asia Pacific,Intermodal,Pacific Rail Co,44480,102329.35,98.28,0.322,99.49,39,0.18,2025-04-28
9,SIN→SYD,Asia Pacific,LTL,Northwind Freight,25847,132656.86,97.21,0.422,97.42,47,0.28,2025-04-28
9,ICN→SYD,Asia Pacific,Intermodal,Pacific Rail Co,33982,84222.45,95.47,0.356,97.92,46,0.18,2025-04-28
9,SYD→NRT,Asia Pacific,Truckload,Northwind Freight,40819,121838.95,96.25,0.307,99.48,41,0.32,2025-04-28
9,DEL→SIN,Asia Pacific,LTL,Atlas Logistics,17336,88061.83,93.96,0.639,97.05,39,0.28,2025-04-28
9,ICN→SIN,Asia Pacific,Truckload,BlueLine Express,10461,34231.3,92.78,0.705,98.96,42,0.32,2025-04-28
10,LAX→ORD,North America,Truckload,BlueLine Express,16470,52779.95,89.64,0.17,97.42,44,0.32,2025-05-05
10,SEA→ORD,North America,Truckload,Northwind Freight,42928,126239.13,95.85,0.252,96.74,46,0.32,2025-05-05
10,SEA→LAX,North America,LTL,Atlas Logistics,15290,67751.15,95.83,0.276,96.92,39,0.28,2025-05-05
10,EWR→MEM,North America,Truckload,Meridian Carriers,35904,123558.87,93.99,0.595,97.96,39,0.32,2025-05-05
10,DFW→EWR,North America,LTL,Northwind Freight,15088,66556.83,91.17,0.521,99.34,40,0.28,2025-05-05
10,DFW→LAX,North America,LTL,Atlas Logistics,36976,176968.8,90.34,0.315,96.97,46,0.28,2025-05-05
10,ORD→PHX,North America,Air,Skyway Cargo,15214,140273.56,92.39,0.533,98.48,43,0.42,2025-05-05
10,PHX→ATL,North America,LTL,Atlas Logistics,19748,97794.27,91.77,0.738,98.31,46,0.28,2025-05-05
10,MAD→MXP,Europe,Truckload,Meridian Carriers,20600,65994.09,89.75,0.747,96.81,40,0.32,2025-05-05
10,MXP→FRA,Europe,LTL,BlueLine Express,39270,172364.59,93.67,0.427,96.68,40,0.28,2025-05-05
10,FRA→MXP,Europe,Air,Skyway Cargo,20657,201923.6,97.08,0.551,96.16,39,0.42,2025-05-05
10,AMS→MAD,Europe,Truckload,Northwind Freight,8486,28428.73,90.72,0.183,97.2,42,0.32,2025-05-05
10,WAW→LHR,Europe,Truckload,Atlas Logistics,21784,72566.01,96.02,0.229,96.57,39,0.32,2025-05-05
10,WAW→FRA,Europe,Intermodal,Pacific Rail Co,11847,27325.26,96.75,0.649,97.1,44,0.18,2025-05-05
10,ICN→DEL,Asia Pacific,Truckload,BlueLine Express,43714,151169.52,97.81,0.408,98.49,43,0.32,2025-05-05
10,DEL→SYD,Asia Pacific,Intermodal,Pacific Rail Co,16570,41045.89,89.9,0.374,98.06,44,0.18,2025-05-05
10,NRT→SYD,Asia Pacific,Intermodal,Pacific Rail Co,41704,91194.21,98.83,0.226,97.38,45,0.18,2025-05-05
10,SIN→SYD,Asia Pacific,LTL,Northwind Freight,22947,114544.51,96.58,0.414,96.51,45,0.28,2025-05-05
10,ICN→SYD,Asia Pacific,Intermodal,Pacific Rail Co,32069,79988.39,96.02,0.382,99.06,45,0.18,2025-05-05
10,SYD→NRT,Asia Pacific,Truckload,Northwind Freight,40116,115016.37,96.86,0.229,98.25,46,0.32,2025-05-05
10,DEL→SIN,Asia Pacific,LTL,Atlas Logistics,18722,97048.82,96.05,0.637,97.49,44,0.28,2025-05-05
10,ICN→SIN,Asia Pacific,Truckload,BlueLine Express,10712,35957.54,90.23,0.709,96.12,40,0.32,2025-05-05
11,LAX→ORD,North America,Truckload,BlueLine Express,15898,53024.95,92.03,0.242,97.75,39,0.32,2025-05-12
11,SEA→ORD,North America,Truckload,Northwind Freight,47163,143358.63,97.38,0.266,97.22,42,0.32,2025-05-12
11,SEA→LAX,North America,LTL,Atlas Logistics,17961,85575.84,95.05,0.266,96.19,46,0.28,2025-05-12
11,EWR→MEM,North America,Truckload,Meridian Carriers,32148,112972.87,93.11,0.569,98.19,39,0.32,2025-05-12
11,DFW→EWR,North America,LTL,Northwind Freight,15935,71281.73,88.78,0.562,98.47,39,0.28,2025-05-12
11,DFW→LAX,North America,LTL,Atlas Logistics,35587,162398.35,92.4,0.305,96.86,38,0.28,2025-05-12
11,ORD→PHX,North America,Air,Skyway Cargo,14726,136376.48,93.08,0.542,96.55,43,0.42,2025-05-12
11,PHX→ATL,North America,LTL,Atlas Logistics,20117,97031.16,92.25,0.666,96.44,43,0.28,2025-05-12
11,MAD→MXP,Europe,Truckload,Meridian Carriers,19710,63367.23,89.71,0.649,97.47,39,0.32,2025-05-12
11,MXP→FRA,Europe,LTL,BlueLine Express,42619,192834.03,93.99,0.506,97.83,44,0.28,2025-05-12
11,FRA→MXP,Europe,Air,Skyway Cargo,20319,195146.3,96.97,0.54,98.62,45,0.42,2025-05-12
11,AMS→MAD,Europe,Truckload,Northwind Freight,10149,34994.59,91.38,0.274,97.48,42,0.32,2025-05-12
11,WAW→LHR,Europe,Truckload,Atlas Logistics,22699,77363.7,95.78,0.225,97.31,46,0.32,2025-05-12
11,WAW→FRA,Europe,Intermodal,Pacific Rail Co,13735,30397.96,98.64,0.666,98.68,42,0.18,2025-05-12
11,ICN→DEL,Asia Pacific,Truckload,BlueLine Express,49511,177926.87,97.62,0.35,97.34,47,0.32,2025-05-12
11,DEL→SYD,Asia Pacific,Intermodal,Pacific Rail Co,15647,39727.71,89.58,0.372,99.38,38,0.18,2025-05-12
11,NRT→SYD,Asia Pacific,Intermodal,Pacific Rail Co,47063,101690.67,97.65,0.268,97.39,39,0.18,2025-05-12
11,SIN→SYD,Asia Pacific,LTL,Northwind Freight,25307,125949.96,96.29,0.455,97.75,45,0.28,2025-05-12
11,ICN→SYD,Asia Pacific,Intermodal,Pacific Rail Co,32217,80660.36,93.86,0.474,98.96,46,0.18,2025-05-12
11,SYD→NRT,Asia Pacific,Truckload,Northwind Freight,40934,124488.5,97.19,0.238,97.73,41,0.32,2025-05-12
11,DEL→SIN,Asia Pacific,LTL,Atlas Logistics,19585,94245.8,97.38,0.572,96.07,43,0.28,2025-05-12
11,ICN→SIN,Asia Pacific,Truckload,BlueLine Express,10186,34293.85,92.14,0.634,98.06,42,0.32,2025-05-12
12,LAX→ORD,North America,Truckload,BlueLine Express,16609,55024.08,90.68,0.185,96.61,40,0.32,2025-05-19
12,SEA→ORD,North America,Truckload,Northwind Freight,47429,141455.94,95.45,0.238,97.96,45,0.32,2025-05-19
12,SEA→LAX,North America,LTL,Atlas Logistics,15880,71513.27,95.78,0.215,97.38,39,0.28,2025-05-19
12,EWR→MEM,North America,Truckload,Meridian Carriers,33885,116142.31,92.8,0.542,97.41,41,0.32,2025-05-19
12,DFW→EWR,North America,LTL,Northwind Freight,15222,69401.9,91.93,0.625,99.43,41,0.28,2025-05-19
12,DFW→LAX,North America,LTL,Atlas Logistics,39717,189066.25,91.22,0.298,99.09,39,0.28,2025-05-19
12,ORD→PHX,North America,Air,Skyway Cargo,13211,116719.88,91.61,0.578,97.86,42,0.42,2025-05-19
12,PHX→ATL,North America,LTL,Atlas Logistics,22740,105840.22,91.48,0.719,98.85,45,0.28,2025-05-19
12,MAD→MXP,Europe,Truckload,Meridian Carriers,20309,64524.38,90.93,0.754,96.29,42,0.32,2025-05-19
12,MXP→FRA,Europe,LTL,BlueLine Express,39148,171233.58,94.94,0.495,97.7,46,0.28,2025-05-19
12,FRA→MXP,Europe,Air,Skyway Cargo,20226,187519.77,96.23,0.572,98.94,41,0.42,2025-05-19
12,AMS→MAD,Europe,Truckload,Northwind Freight,9058,30607.63,88.9,0.263,96.09,40,0.32,2025-05-19
12,WAW→LHR,Europe,Truckload,Atlas Logistics,24124,78741.01,96.5,0.214,97.66,38,0.32,2025-05-19
12,WAW→FRA,Europe,Intermodal,Pacific Rail Co,12728,28837.66,95.72,0.528,98.37,41,0.18,2025-05-19
12,ICN→DEL,Asia Pacific,Truckload,BlueLine Express,43427,150594.88,98.93,0.357,99.45,39,0.32,2025-05-19
12,DEL→SYD,Asia Pacific,Intermodal,Pacific Rail Co,14791,39620.01,91.86,0.474,96.63,41,0.18,2025-05-19
12,NRT→SYD,Asia Pacific,Intermodal,Pacific Rail Co,47207,108260.11,97.95,0.288,98,45,0.18,2025-05-19
12,SIN→SYD,Asia Pacific,LTL,Northwind Freight,27162,136208.94,96.28,0.415,98.87,42,0.28,2025-05-19
12,ICN→SYD,Asia Pacific,Intermodal,Pacific Rail Co,32954,80088.94,93.66,0.489,96.22,39,0.18,2025-05-19
12,SYD→NRT,Asia Pacific,Truckload,Northwind Freight,40655,122844.35,96.99,0.332,98.77,44,0.32,2025-05-19
12,DEL→SIN,Asia Pacific,LTL,Atlas Logistics,17417,86121.07,95.67,0.546,98.8,40,0.28,2025-05-19
12,ICN→SIN,Asia Pacific,Truckload,BlueLine Express,11483,38464.96,92.57,0.674,99.26,43,0.32,2025-05-19
13,LAX→ORD,North America,Truckload,BlueLine Express,15428,50697.33,88.16,0.18,96.26,43,0.32,2025-05-26
13,SEA→ORD,North America,Truckload,Northwind Freight,41445,124613.87,94.25,0.28,96.03,46,0.32,2025-05-26
13,SEA→LAX,North America,LTL,Atlas Logistics,17537,79337.59,93.33,0.334,97.65,39,0.28,2025-05-26
13,EWR→MEM,North America,Truckload,Meridian Carriers,39743,142372.83,93.89,0.572,96.3,44,0.32,2025-05-26
13,DFW→EWR,North America,LTL,Northwind Freight,16237,74828.8,91.5,0.601,98.56,39,0.28,2025-05-26
13,DFW→LAX,North America,LTL,Atlas Logistics,39762,184382.28,93.62,0.329,98.32,44,0.28,2025-05-26
13,ORD→PHX,North America,Air,Skyway Cargo,14542,138325.13,93.98,0.574,99.5,39,0.42,2025-05-26
13,PHX→ATL,North America,LTL,Atlas Logistics,22018,109542.84,93.91,0.618,98.17,42,0.28,2025-05-26
13,MAD→MXP,Europe,Truckload,Meridian Carriers,22037,65475.26,91.58,0.731,97.94,39,0.32,2025-05-26
13,MXP→FRA,Europe,LTL,BlueLine Express,41481,192897.13,94.8,0.447,96.51,44,0.28,2025-05-26
13,FRA→MXP,Europe,Air,Skyway Cargo,21611,205222.7,95.61,0.46,97.4,44,0.42,2025-05-26
13,AMS→MAD,Europe,Truckload,Northwind Freight,10579,36114.74,89.44,0.229,96.64,41,0.32,2025-05-26
13,WAW→LHR,Europe,Truckload,Atlas Logistics,24179,82811.34,96.06,0.268,97.04,40,0.32,2025-05-26
13,WAW→FRA,Europe,Intermodal,Pacific Rail Co,12394,28305.32,98.27,0.562,96.34,39,0.18,2025-05-26
13,ICN→DEL,Asia Pacific,Truckload,BlueLine Express,46719,160954.87,97.26,0.411,96.45,42,0.32,2025-05-26
13,DEL→SYD,Asia Pacific,Intermodal,Pacific Rail Co,16523,43197.69,88.87,0.49,97.96,44,0.18,2025-05-26
13,NRT→SYD,Asia Pacific,Intermodal,Pacific Rail Co,47908,104371.04,96.2,0.201,98.38,46,0.18,2025-05-26
13,SIN→SYD,Asia Pacific,LTL,Northwind Freight,27785,147387.39,96.07,0.448,99.13,40,0.28,2025-05-26
13,ICN→SYD,Asia Pacific,Intermodal,Pacific Rail Co,35724,87020.36,94.71,0.441,96.74,41,0.18,2025-05-26
13,SYD→NRT,Asia Pacific,Truckload,Northwind Freight,46112,137745.07,97.87,0.246,97.18,47,0.32,2025-05-26
13,DEL→SIN,Asia Pacific,LTL,Atlas Logistics,18735,94498.4,96.29,0.543,97.49,46,0.28,2025-05-26
13,ICN→SIN,Asia Pacific,Truckload,BlueLine Express,11795,39199.44,91.32,0.6,99.42,45,0.32,2025-05-26
14,LAX→ORD,North America,Truckload,BlueLine Express,17362,59047.94,90.46,0.197,98.43,42,0.32,2025-06-02
14,SEA→ORD,North America,Truckload,Northwind Freight,49596,156175.04,96.67,0.2,97.25,41,0.32,2025-06-02
14,SEA→LAX,North America,LTL,Atlas Logistics,18811,89758.7,92.81,0.234,98.22,47,0.28,2025-06-02
14,EWR→MEM,North America,Truckload,Meridian Carriers,40722,146692.13,94.19,0.567,99.33,46,0.32,2025-06-02
14,DFW→EWR,North America,LTL,Northwind Freight,14961,67353.08,90.11,0.587,97.47,42,0.28,2025-06-02
14,DFW→LAX,North America,LTL,Atlas Logistics,41010,184940.84,92.64,0.279,96.05,44,0.28,2025-06-02
14,ORD→PHX,North America,Air,Skyway Cargo,15664,138335.09,93.35,0.633,97.52,42,0.42,2025-06-02
14,PHX→ATL,North America,LTL,Atlas Logistics,24482,117018.94,92.78,0.638,97.91,45,0.28,2025-06-02
14,MAD→MXP,Europe,Truckload,Meridian Carriers,23055,69261.43,92.82,0.656,96.31,40,0.32,2025-06-02
14,MXP→FRA,Europe,LTL,BlueLine Express,41809,180404.84,95.95,0.49,97.18,41,0.28,2025-06-02
14,FRA→MXP,Europe,Air,Skyway Cargo,18939,174782.74,99.03,0.475,99.42,42,0.42,2025-06-02
14,AMS→MAD,Europe,Truckload,Northwind Freight,9167,29351.92,91.81,0.195,97.21,43,0.32,2025-06-02
14,WAW→LHR,Europe,Truckload,Atlas Logistics,23665,80498.48,97.02,0.177,98.3,45,0.32,2025-06-02
14,WAW→FRA,Europe,Intermodal,Pacific Rail Co,14005,32918.38,96.42,0.634,99.11,44,0.18,2025-06-02
14,ICN→DEL,Asia Pacific,Truckload,BlueLine Express,46192,170495.07,97.53,0.367,98.55,38,0.32,2025-06-02
14,DEL→SYD,Asia Pacific,Intermodal,Pacific Rail Co,16589,42922.04,88.91,0.411,97.25,45,0.18,2025-06-02
14,NRT→SYD,Asia Pacific,Intermodal,Pacific Rail Co,47762,105855.94,97.15,0.191,96.11,46,0.18,2025-06-02
14,SIN→SYD,Asia Pacific,LTL,Northwind Freight,23154,122757.98,96.17,0.364,97.72,38,0.28,2025-06-02
14,ICN→SYD,Asia Pacific,Intermodal,Pacific Rail Co,38918,95473.07,93.62,0.463,96.27,44,0.18,2025-06-02
14,SYD→NRT,Asia Pacific,Truckload,Northwind Freight,39802,114655.48,96.18,0.283,97.33,41,0.32,2025-06-02
14,DEL→SIN,Asia Pacific,LTL,Atlas Logistics,20285,104056.63,94.05,0.579,96.31,47,0.28,2025-06-02
14,ICN→SIN,Asia Pacific,Truckload,BlueLine Express,11072,35792.87,91.08,0.661,98.63,41,0.32,2025-06-02
15,LAX→ORD,North America,Truckload,BlueLine Express,16511,56772.36,90.04,0.255,96.87,47,0.32,2025-06-09
15,SEA→ORD,North America,Truckload,Northwind Freight,47266,144984.71,97.37,0.22,96.69,47,0.32,2025-06-09
15,SEA→LAX,North America,LTL,Atlas Logistics,18979,85899.97,94.84,0.23,96.01,45,0.28,2025-06-09
15,EWR→MEM,North America,Truckload,Meridian Carriers,41434,145346.51,92.59,0.543,97.42,45,0.32,2025-06-09
15,DFW→EWR,North America,LTL,Northwind Freight,16082,72307.42,90.75,0.553,97.92,44,0.28,2025-06-09
15,DFW→LAX,North America,LTL,Atlas Logistics,36894,176266.17,92.37,0.244,97.98,44,0.28,2025-06-09
15,ORD→PHX,North America,Air,Skyway Cargo,16413,146988.84,92.87,0.515,99.05,46,0.42,2025-06-09
15,PHX→ATL,North America,LTL,Atlas Logistics,22087,107201.28,92.46,0.709,97.64,42,0.28,2025-06-09
15,MAD→MXP,Europe,Truckload,Meridian Carriers,20061,61261.91,90.22,0.706,99.15,45,0.32,2025-06-09
15,MXP→FRA,Europe,LTL,BlueLine Express,42516,186454.79,96.62,0.489,96.1,40,0.28,2025-06-09
15,FRA→MXP,Europe,Air,Skyway Cargo,19940,179838.67,98.9,0.52,98.4,40,0.42,2025-06-09
15,AMS→MAD,Europe,Truckload,Northwind Freight,9236,31380.24,91.35,0.257,96.72,42,0.32,2025-06-09
15,WAW→LHR,Europe,Truckload,Atlas Logistics,24377,80741.64,94.09,0.202,98.43,44,0.32,2025-06-09
15,WAW→FRA,Europe,Intermodal,Pacific Rail Co,13951,31361.81,97.97,0.555,97.93,39,0.18,2025-06-09
15,ICN→DEL,Asia Pacific,Truckload,BlueLine Express,52804,185797.27,99.08,0.319,98.01,40,0.32,2025-06-09
15,DEL→SYD,Asia Pacific,Intermodal,Pacific Rail Co,15561,41629.58,88.95,0.446,99.18,41,0.18,2025-06-09
15,NRT→SYD,Asia Pacific,Intermodal,Pacific Rail Co,47203,105643.98,98.74,0.31,99.44,43,0.18,2025-06-09
15,SIN→SYD,Asia Pacific,LTL,Northwind Freight,26170,132159.05,97.15,0.398,99.27,41,0.28,2025-06-09
15,ICN→SYD,Asia Pacific,Intermodal,Pacific Rail Co,38762,96085.56,94.31,0.425,97.39,43,0.18,2025-06-09
15,SYD→NRT,Asia Pacific,Truckload,Northwind Freight,47785,140875.12,99.48,0.296,97.71,43,0.32,2025-06-09
15,DEL→SIN,Asia Pacific,LTL,Atlas Logistics,21037,105532.86,96.55,0.644,99.28,40,0.28,2025-06-09
15,ICN→SIN,Asia Pacific,Truckload,BlueLine Express,10106,34220.22,93.11,0.703,96.28,46,0.32,2025-06-09
16,LAX→ORD,North America,Truckload,BlueLine Express,16341,53950.19,90.02,0.208,98.18,42,0.32,2025-06-16
16,SEA→ORD,North America,Truckload,Northwind Freight,50369,151287.11,94.67,0.184,99.09,38,0.32,2025-06-16
16,SEA→LAX,North America,LTL,Atlas Logistics,18366,87969.85,94.7,0.294,98.28,38,0.28,2025-06-16
16,EWR→MEM,North America,Truckload,Meridian Carriers,41601,143914.52,92.66,0.578,96.15,44,0.32,2025-06-16
16,DFW→EWR,North America,LTL,Northwind Freight,16704,73640.5,92.26,0.597,97.87,42,0.28,2025-06-16
16,DFW→LAX,North America,LTL,Atlas Logistics,41490,194692.31,94.15,0.366,96.93,44,0.28,2025-06-16
16,ORD→PHX,North America,Air,Skyway Cargo,13936,124400.53,93.92,0.595,96.89,44,0.42,2025-06-16
16,PHX→ATL,North America,LTL,Atlas Logistics,25534,125693.18,91.17,0.688,99.18,38,0.28,2025-06-16
16,MAD→MXP,Europe,Truckload,Meridian Carriers,22288,68347.74,89.95,0.688,98.59,40,0.32,2025-06-16
16,MXP→FRA,Europe,LTL,BlueLine Express,41651,188866.78,94.8,0.436,96.28,44,0.28,2025-06-16
16,FRA→MXP,Europe,Air,Skyway Cargo,19796,187163.54,98.63,0.563,97.14,47,0.42,2025-06-16
16,AMS→MAD,Europe,Truckload,Northwind Freight,9942,33014.99,88.97,0.212,97.66,44,0.32,2025-06-16
16,WAW→LHR,Europe,Truckload,Atlas Logistics,26736,91280.27,96.29,0.211,96.01,46,0.32,2025-06-16
16,WAW→FRA,Europe,Intermodal,Pacific Rail Co,13786,31054.57,97.37,0.641,99.11,38,0.18,2025-06-16
16,ICN→DEL,Asia Pacific,Truckload,BlueLine Express,54838,200923.26,97.72,0.37,98.19,42,0.32,2025-06-16
16,DEL→SYD,Asia Pacific,Intermodal,Pacific Rail Co,17798,45391.83,89.42,0.394,98.63,43,0.18,2025-06-16
16,NRT→SYD,Asia Pacific,Intermodal,Pacific Rail Co,45283,99370.2,97.31,0.249,97.32,41,0.18,2025-06-16
16,SIN→SYD,Asia Pacific,LTL,Northwind Freight,28259,149951.38,96.93,0.394,96.05,41,0.28,2025-06-16
16,ICN→SYD,Asia Pacific,Intermodal,Pacific Rail Co,32920,82296.12,94.84,0.397,96.52,46,0.18,2025-06-16
16,SYD→NRT,Asia Pacific,Truckload,Northwind Freight,45629,133491.84,98.16,0.233,96.96,40,0.32,2025-06-16
16,DEL→SIN,Asia Pacific,LTL,Atlas Logistics,20703,106076.45,93.95,0.537,98.32,44,0.28,2025-06-16
16,ICN→SIN,Asia Pacific,Truckload,BlueLine Express,11894,41146.35,90,0.603,96.03,42,0.32,2025-06-16
17,LAX→ORD,North America,Truckload,BlueLine Express,18319,59203.33,89.02,0.3,97.64,44,0.32,2025-06-23
17,SEA→ORD,North America,Truckload,Northwind Freight,52980,165893.6,98.13,0.164,96.77,44,0.32,2025-06-23
17,SEA→LAX,North America,LTL,Atlas Logistics,19616,88429.66,93.75,0.258,96.56,40,0.28,2025-06-23
17,EWR→MEM,North America,Truckload,Meridian Carriers,35477,126844.51,94.14,0.484,99.3,43,0.32,2025-06-23
17,DFW→EWR,North America,LTL,Northwind Freight,17195,78253.55,89.66,0.571,97.46,46,0.28,2025-06-23
17,DFW→LAX,North America,LTL,Atlas Logistics,38299,178493.99,91.72,0.377,97.24,39,0.28,2025-06-23
17,ORD→PHX,North America,Air,Skyway Cargo,14637,132938.27,90.49,0.65,98.64,46,0.42,2025-06-23
17,PHX→ATL,North America,LTL,Atlas Logistics,25182,125606.29,94.45,0.703,97.71,46,0.28,2025-06-23
17,MAD→MXP,Europe,Truckload,Meridian Carriers,22267,69724.86,89.62,0.688,96.22,46,0.32,2025-06-23
17,MXP→FRA,Europe,LTL,BlueLine Express,42970,195045.88,94.01,0.506,98.67,43,0.28,2025-06-23
17,FRA→MXP,Europe,Air,Skyway Cargo,23152,221763.17,99.17,0.56,97.08,45,0.42,2025-06-23
17,AMS→MAD,Europe,Truckload,Northwind Freight,10391,33768.3,89.93,0.206,98.89,40,0.32,2025-06-23
17,WAW→LHR,Europe,Truckload,Atlas Logistics,23269,81553.98,97.56,0.293,96.05,40,0.32,2025-06-23
17,WAW→FRA,Europe,Intermodal,Pacific Rail Co,15145,33732.87,99.31,0.591,97.5,39,0.18,2025-06-23
17,ICN→DEL,Asia Pacific,Truckload,BlueLine Express,51953,183146.59,97.71,0.348,97.23,40,0.32,2025-06-23
17,DEL→SYD,Asia Pacific,Intermodal,Pacific Rail Co,17951,44688.02,89.34,0.377,97.25,39,0.18,2025-06-23
17,NRT→SYD,Asia Pacific,Intermodal,Pacific Rail Co,50106,109931.59,97.32,0.256,96.03,41,0.18,2025-06-23
17,SIN→SYD,Asia Pacific,LTL,Northwind Freight,26194,132913.51,95.43,0.423,98.08,42,0.28,2025-06-23
17,ICN→SYD,Asia Pacific,Intermodal,Pacific Rail Co,38740,98688.89,94.08,0.468,96.36,44,0.18,2025-06-23
17,SYD→NRT,Asia Pacific,Truckload,Northwind Freight,43355,131083.68,96.4,0.293,96.86,38,0.32,2025-06-23
17,DEL→SIN,Asia Pacific,LTL,Atlas Logistics,20807,103303.33,96.88,0.626,98.98,46,0.28,2025-06-23
17,ICN→SIN,Asia Pacific,Truckload,BlueLine Express,12284,40923.51,90.74,0.619,99.32,46,0.32,2025-06-23
18,LAX→ORD,North America,Truckload,BlueLine Express,19103,61708.77,91.79,0.211,98.76,39,0.32,2025-06-30
18,SEA→ORD,North America,Truckload,Northwind Freight,51272,151870.76,94.61,0.272,98.6,42,0.32,2025-06-30
18,SEA→LAX,North America,LTL,Atlas Logistics,17563,79897.96,94.95,0.284,98.25,42,0.28,2025-06-30
18,EWR→MEM,North America,Truckload,Meridian Carriers,40528,139654.86,93.58,0.567,98.21,46,0.32,2025-06-30
18,DFW→EWR,North America,LTL,Northwind Freight,17732,81723.74,89.79,0.589,97.02,44,0.28,2025-06-30
18,DFW→LAX,North America,LTL,Atlas Logistics,43018,203732.06,91.34,0.354,97.24,42,0.28,2025-06-30
18,ORD→PHX,North America,Air,Skyway Cargo,15831,139415.89,91.45,0.644,97.1,44,0.42,2025-06-30
18,PHX→ATL,North America,LTL,Atlas Logistics,23407,110788.31,90.7,0.614,96.15,44,0.28,2025-06-30
18,MAD→MXP,Europe,Truckload,Meridian Carriers,23101,72214.39,92.42,0.667,96.33,42,0.32,2025-06-30
18,MXP→FRA,Europe,LTL,BlueLine Express,42000,186821.96,96.93,0.454,98.82,42,0.28,2025-06-30
18,FRA→MXP,Europe,Air,Skyway Cargo,20906,200703.77,97.39,0.515,97.74,43,0.42,2025-06-30
18,AMS→MAD,Europe,Truckload,Northwind Freight,10368,34115.39,89.42,0.178,97.58,42,0.32,2025-06-30
18,WAW→LHR,Europe,Truckload,Atlas Logistics,27111,92315.1,94.61,0.209,97.92,47,0.32,2025-06-30
18,WAW→FRA,Europe,Intermodal,Pacific Rail Co,14979,35239.15,97.07,0.589,98.85,39,0.18,2025-06-30
18,ICN→DEL,Asia Pacific,Truckload,BlueLine Express,55906,206179.71,99.44,0.354,98.39,42,0.32,2025-06-30
18,DEL→SYD,Asia Pacific,Intermodal,Pacific Rail Co,18261,46769.57,89.4,0.503,97.59,46,0.18,2025-06-30
18,NRT→SYD,Asia Pacific,Intermodal,Pacific Rail Co,46561,104830.29,98.13,0.278,97.55,43,0.18,2025-06-30
18,SIN→SYD,Asia Pacific,LTL,Northwind Freight,25381,131224.28,96.98,0.385,98.4,43,0.28,2025-06-30
18,ICN→SYD,Asia Pacific,Intermodal,Pacific Rail Co,36103,88039.91,93.94,0.446,98.51,43,0.18,2025-06-30
18,SYD→NRT,Asia Pacific,Truckload,Northwind Freight,43686,124902.02,99.5,0.294,96.7,44,0.32,2025-06-30
18,DEL→SIN,Asia Pacific,LTL,Atlas Logistics,18640,95475.05,97.48,0.561,99.15,44,0.28,2025-06-30
18,ICN→SIN,Asia Pacific,Truckload,BlueLine Express,11163,38375.95,90.33,0.619,98.53,45,0.32,2025-06-30
19,LAX→ORD,North America,Truckload,BlueLine Express,18368,61373.71,91.24,0.304,98.03,47,0.32,2025-07-07
19,SEA→ORD,North America,Truckload,Northwind Freight,50300,152194.17,95.68,0.264,97.67,46,0.32,2025-07-07
19,SEA→LAX,North America,LTL,Atlas Logistics,18104,85046.41,95.27,0.343,98.02,47,0.28,2025-07-07
19,EWR→MEM,North America,Truckload,Meridian Carriers,42201,149510.46,92.53,0.577,97.51,44,0.32,2025-07-07
19,DFW→EWR,North America,LTL,Northwind Freight,15240,72166.2,90.52,0.549,97.78,43,0.28,2025-07-07
19,DFW→LAX,North America,LTL,Atlas Logistics,42276,202403.27,90.45,0.343,97.94,44,0.28,2025-07-07
19,ORD→PHX,North America,Air,Skyway Cargo,16909,151460.44,93.67,0.541,96.61,45,0.42,2025-07-07
19,PHX→ATL,North America,LTL,Atlas Logistics,25490,127820.27,93.06,0.705,97.96,46,0.28,2025-07-07
19,MAD→MXP,Europe,Truckload,Meridian Carriers,24302,75182.8,92.56,0.646,97.43,45,0.32,2025-07-07
19,MXP→FRA,Europe,LTL,BlueLine Express,48247,221699.03,94.4,0.383,99.13,45,0.28,2025-07-07
19,FRA→MXP,Europe,Air,Skyway Cargo,20524,198355.08,97.07,0.489,96.91,42,0.42,2025-07-07
19,AMS→MAD,Europe,Truckload,Northwind Freight,11370,37537.55,91.46,0.286,99.28,40,0.32,2025-07-07
19,WAW→LHR,Europe,Truckload,Atlas Logistics,26897,91123.2,95.86,0.256,98.04,45,0.32,2025-07-07
19,WAW→FRA,Europe,Intermodal,Pacific Rail Co,13351,31226.31,99.18,0.611,98.24,43,0.18,2025-07-07
19,ICN→DEL,Asia Pacific,Truckload,BlueLine Express,50180,182372.41,97.6,0.369,97.47,47,0.32,2025-07-07
19,DEL→SYD,Asia Pacific,Intermodal,Pacific Rail Co,19257,49147.06,91.05,0.507,96.43,40,0.18,2025-07-07
19,NRT→SYD,Asia Pacific,Intermodal,Pacific Rail Co,48826,113584.74,95.75,0.179,98.75,44,0.18,2025-07-07
19,SIN→SYD,Asia Pacific,LTL,Northwind Freight,26540,134753.84,93.79,0.335,99.22,44,0.28,2025-07-07
19,ICN→SYD,Asia Pacific,Intermodal,Pacific Rail Co,41265,98677.83,93.97,0.419,98.45,41,0.18,2025-07-07
19,SYD→NRT,Asia Pacific,Truckload,Northwind Freight,44376,134077.31,97.81,0.263,99.1,43,0.32,2025-07-07
19,DEL→SIN,Asia Pacific,LTL,Atlas Logistics,21797,109167.77,97.14,0.635,98.02,39,0.28,2025-07-07
19,ICN→SIN,Asia Pacific,Truckload,BlueLine Express,11445,39685.78,93.38,0.618,99.44,43,0.32,2025-07-07
20,LAX→ORD,North America,Truckload,BlueLine Express,18248,61026.11,88.73,0.305,97.28,46,0.32,2025-07-14
20,SEA→ORD,North America,Truckload,Northwind Freight,51426,159248.02,95.01,0.264,97.63,43,0.32,2025-07-14
20,SEA→LAX,North America,LTL,Atlas Logistics,18002,86786.68,92.8,0.342,99.45,41,0.28,2025-07-14
20,EWR→MEM,North America,Truckload,Meridian Carriers,38246,135463.92,92.44,0.532,96.45,46,0.32,2025-07-14
20,DFW→EWR,North America,LTL,Northwind Freight,17819,80301.56,91.88,0.533,99.46,47,0.28,2025-07-14
20,DFW→LAX,North America,LTL,Atlas Logistics,45698,219432.79,92.98,0.259,98.39,44,0.28,2025-07-14
20,ORD→PHX,North America,Air,Skyway Cargo,16882,156991.86,93.67,0.548,97.76,43,0.42,2025-07-14
20,PHX→ATL,North America,LTL,Atlas Logistics,26515,125254.42,92.97,0.64,97.56,41,0.28,2025-07-14
20,MAD→MXP,Europe,Truckload,Meridian Carriers,24930,80759.29,90.63,0.759,98.92,41,0.32,2025-07-14
20,MXP→FRA,Europe,LTL,BlueLine Express,42908,193623.29,94.01,0.503,98.91,43,0.28,2025-07-14
20,FRA→MXP,Europe,Air,Skyway Cargo,23233,217764.96,98.4,0.517,97.28,39,0.42,2025-07-14
20,AMS→MAD,Europe,Truckload,Northwind Freight,10856,36753.93,92.37,0.17,97.38,42,0.32,2025-07-14
20,WAW→LHR,Europe,Truckload,Atlas Logistics,27485,95548.58,94.3,0.214,97.94,43,0.32,2025-07-14
20,WAW→FRA,Europe,Intermodal,Pacific Rail Co,15740,37449.47,98.49,0.578,97.4,43,0.18,2025-07-14
20,ICN→DEL,Asia Pacific,Truckload,BlueLine Express,53119,195740.06,97.73,0.314,96.63,40,0.32,2025-07-14
20,DEL→SYD,Asia Pacific,Intermodal,Pacific Rail Co,17913,45896.66,89.03,0.466,96.55,45,0.18,2025-07-14
20,NRT→SYD,Asia Pacific,Intermodal,Pacific Rail Co,51524,113790.3,98.35,0.283,96.72,41,0.18,2025-07-14
20,SIN→SYD,Asia Pacific,LTL,Northwind Freight,27456,143687.72,94.77,0.361,98.09,40,0.28,2025-07-14
20,ICN→SYD,Asia Pacific,Intermodal,Pacific Rail Co,41770,100150.68,92.25,0.365,98.87,47,0.18,2025-07-14
20,SYD→NRT,Asia Pacific,Truckload,Northwind Freight,47920,140721.47,97.09,0.283,98.92,43,0.32,2025-07-14
20,DEL→SIN,Asia Pacific,LTL,Atlas Logistics,22506,117848.83,94,0.65,98.02,42,0.28,2025-07-14
20,ICN→SIN,Asia Pacific,Truckload,BlueLine Express,10573,36058.56,89.93,0.614,98.44,46,0.32,2025-07-14
21,LAX→ORD,North America,Truckload,BlueLine Express,16770,56828.85,88.45,0.277,98.38,39,0.32,2025-07-21
21,SEA→ORD,North America,Truckload,Northwind Freight,51249,150848.09,96.91,0.28,97.57,47,0.32,2025-07-21
21,SEA→LAX,North America,LTL,Atlas Logistics,17143,77124.35,95.38,0.315,98.91,41,0.28,2025-07-21
21,EWR→MEM,North America,Truckload,Meridian Carriers,44095,155667.19,92.72,0.596,96.7,44,0.32,2025-07-21
21,DFW→EWR,North America,LTL,Northwind Freight,18144,82938.65,89.33,0.605,96.72,44,0.28,2025-07-21
21,DFW→LAX,North America,LTL,Atlas Logistics,45443,209988.92,92.77,0.339,98.6,43,0.28,2025-07-21
21,ORD→PHX,North America,Air,Skyway Cargo,16907,151824.22,90.69,0.543,97.56,41,0.42,2025-07-21
21,PHX→ATL,North America,LTL,Atlas Logistics,26828,133496.27,91.71,0.668,98.74,42,0.28,2025-07-21
21,MAD→MXP,Europe,Truckload,Meridian Carriers,21549,69718.66,90.9,0.613,98.64,42,0.32,2025-07-21
21,MXP→FRA,Europe,LTL,BlueLine Express,48962,224327.22,93.61,0.515,98.84,41,0.28,2025-07-21
21,FRA→MXP,Europe,Air,Skyway Cargo,23836,219608.09,96.7,0.482,97.7,47,0.42,2025-07-21
21,AMS→MAD,Europe,Truckload,Northwind Freight,10811,37339.17,89,0.224,96.32,47,0.32,2025-07-21
21,WAW→LHR,Europe,Truckload,Atlas Logistics,29143,96034.48,98.04,0.249,98.72,46,0.32,2025-07-21
21,WAW→FRA,Europe,Intermodal,Pacific Rail Co,13852,30755.01,99.02,0.553,97.84,43,0.18,2025-07-21
21,ICN→DEL,Asia Pacific,Truckload,BlueLine Express,56129,195209.53,95.89,0.375,96.62,44,0.32,2025-07-21
21,DEL→SYD,Asia Pacific,Intermodal,Pacific Rail Co,19132,49457.05,91.7,0.408,97.15,45,0.18,2025-07-21
21,NRT→SYD,Asia Pacific,Intermodal,Pacific Rail Co,50520,115591.28,95.4,0.225,96.98,43,0.18,2025-07-21
21,SIN→SYD,Asia Pacific,LTL,Northwind Freight,25473,129489.47,97.06,0.336,98.81,46,0.28,2025-07-21
21,ICN→SYD,Asia Pacific,Intermodal,Pacific Rail Co,40994,99436.07,95.16,0.489,98.79,39,0.18,2025-07-21
21,SYD→NRT,Asia Pacific,Truckload,Northwind Freight,50016,145668.24,96.56,0.325,98.31,43,0.32,2025-07-21
21,DEL→SIN,Asia Pacific,LTL,Atlas Logistics,23021,116724.54,95.84,0.619,98.23,43,0.28,2025-07-21
21,ICN→SIN,Asia Pacific,Truckload,BlueLine Express,11834,41394.3,90.82,0.57,98.25,38,0.32,2025-07-21
22,LAX→ORD,North America,Truckload,BlueLine Express,17495,60296.22,90.74,0.223,99.06,40,0.32,2025-07-28
22,SEA→ORD,North America,Truckload,Northwind Freight,47396,149976.6,94.33,0.197,97.49,42,0.32,2025-07-28
22,SEA→LAX,North America,LTL,Atlas Logistics,18861,89477.81,94.54,0.286,98.42,44,0.28,2025-07-28
22,EWR→MEM,North America,Truckload,Meridian Carriers,41744,147309.9,93.27,0.486,96.06,42,0.32,2025-07-28
22,DFW→EWR,North America,LTL,Northwind Freight,17106,78861.05,91.66,0.592,98.43,40,0.28,2025-07-28
22,DFW→LAX,North America,LTL,Atlas Logistics,38726,185064.86,93.33,0.344,96.61,39,0.28,2025-07-28
22,ORD→PHX,North America,Air,Skyway Cargo,16151,154605.13,90.98,0.613,96.58,45,0.42,2025-07-28
22,PHX→ATL,North America,LTL,Atlas Logistics,25510,122204.32,93.29,0.681,97.9,45,0.28,2025-07-28
22,MAD→MXP,Europe,Truckload,Meridian Carriers,24195,74479.38,89.15,0.618,96.5,47,0.32,2025-07-28
22,MXP→FRA,Europe,LTL,BlueLine Express,49119,226610.17,94.04,0.502,97.76,46,0.28,2025-07-28
22,FRA→MXP,Europe,Air,Skyway Cargo,24902,228795.51,98.26,0.589,97.46,40,0.42,2025-07-28
22,AMS→MAD,Europe,Truckload,Northwind Freight,11457,38526.22,89.25,0.236,99.47,45,0.32,2025-07-28
22,WAW→LHR,Europe,Truckload,Atlas Logistics,25109,86510.09,97.36,0.185,98.91,43,0.32,2025-07-28
22,WAW→FRA,Europe,Intermodal,Pacific Rail Co,14340,32415.84,96.99,0.548,98.52,39,0.18,2025-07-28
22,ICN→DEL,Asia Pacific,Truckload,BlueLine Express,49028,178368.12,99.28,0.366,97.6,45,0.32,2025-07-28
22,DEL→SYD,Asia Pacific,Intermodal,Pacific Rail Co,16943,43297.58,88.33,0.431,98.09,46,0.18,2025-07-28
22,NRT→SYD,Asia Pacific,Intermodal,Pacific Rail Co,48246,112739.68,97.11,0.239,97.92,47,0.18,2025-07-28
22,SIN→SYD,Asia Pacific,LTL,Northwind Freight,28790,148395.18,94.47,0.371,97.01,44,0.28,2025-07-28
22,ICN→SYD,Asia Pacific,Intermodal,Pacific Rail Co,39793,96300.35,92.12,0.391,97.15,47,0.18,2025-07-28
22,SYD→NRT,Asia Pacific,Truckload,Northwind Freight,45788,135433.66,99.11,0.286,96.6,43,0.32,2025-07-28
22,DEL→SIN,Asia Pacific,LTL,Atlas Logistics,20266,105862.8,97.27,0.622,96.11,41,0.28,2025-07-28
22,ICN→SIN,Asia Pacific,Truckload,BlueLine Express,11272,38299.09,90.91,0.563,96.48,45,0.32,2025-07-28
23,LAX→ORD,North America,Truckload,BlueLine Express,20195,65522.4,90.02,0.266,98.66,44,0.32,2025-08-04
23,SEA→ORD,North America,Truckload,Northwind Freight,48400,154169.97,95.71,0.257,96.16,43,0.32,2025-08-04
23,SEA→LAX,North America,LTL,Atlas Logistics,17887,84585.24,93.68,0.206,96.12,43,0.28,2025-08-04
23,EWR→MEM,North America,Truckload,Meridian Carriers,36632,129480.44,95.67,0.588,98.54,46,0.32,2025-08-04
23,DFW→EWR,North America,LTL,Northwind Freight,17847,79596.9,91.58,0.534,96.56,44,0.28,2025-08-04
23,DFW→LAX,North America,LTL,Atlas Logistics,41492,202583.75,93.29,0.262,98.89,40,0.28,2025-08-04
23,ORD→PHX,North America,Air,Skyway Cargo,15654,144234.7,92.02,0.627,98.54,45,0.42,2025-08-04
23,PHX→ATL,North America,LTL,Atlas Logistics,26057,122984.15,90.9,0.736,99.37,41,0.28,2025-08-04
23,MAD→MXP,Europe,Truckload,Meridian Carriers,22718,70098.64,89.08,0.617,99.18,41,0.32,2025-08-04
23,MXP→FRA,Europe,LTL,BlueLine Express,46421,206915.01,94.49,0.433,99.27,43,0.28,2025-08-04
23,FRA→MXP,Europe,Air,Skyway Cargo,20529,204155.09,98.06,0.579,97.32,41,0.42,2025-08-04
23,AMS→MAD,Europe,Truckload,Northwind Freight,9992,33351.09,91,0.16,99.22,40,0.32,2025-08-04
23,WAW→LHR,Europe,Truckload,Atlas Logistics,28582,98205.74,96.13,0.228,99.36,40,0.32,2025-08-04
23,WAW→FRA,Europe,Intermodal,Pacific Rail Co,14861,35633.23,97.25,0.581,99.5,42,0.18,2025-08-04
23,ICN→DEL,Asia Pacific,Truckload,BlueLine Express,56773,204839.22,98.62,0.406,97.37,45,0.32,2025-08-04
23,DEL→SYD,Asia Pacific,Intermodal,Pacific Rail Co,19785,50094.33,91.85,0.447,97.26,38,0.18,2025-08-04
23,NRT→SYD,Asia Pacific,Intermodal,Pacific Rail Co,45718,105118.01,98.21,0.223,98.7,39,0.18,2025-08-04
23,SIN→SYD,Asia Pacific,LTL,Northwind Freight,30237,160382.48,94.31,0.306,96.13,40,0.28,2025-08-04
23,ICN→SYD,Asia Pacific,Intermodal,Pacific Rail Co,37911,94857.87,95.92,0.455,98.15,38,0.18,2025-08-04
23,SYD→NRT,Asia Pacific,Truckload,Northwind Freight,49435,151996.09,97.23,0.28,96.28,40,0.32,2025-08-04
23,DEL→SIN,Asia Pacific,LTL,Atlas Logistics,23304,117015.58,96.98,0.632,97.85,47,0.28,2025-08-04
23,ICN→SIN,Asia Pacific,Truckload,BlueLine Express,12127,43160.49,89.5,0.679,97.55,44,0.32,2025-08-04
24,LAX→ORD,North America,Truckload,BlueLine Express,20064,67625.41,88.35,0.217,99.44,40,0.32,2025-08-11
24,SEA→ORD,North America,Truckload,Northwind Freight,46562,146181.85,96.87,0.194,96.21,47,0.32,2025-08-11
24,SEA→LAX,North America,LTL,Atlas Logistics,19089,91857.41,96.04,0.245,98.4,40,0.28,2025-08-11
24,EWR→MEM,North America,Truckload,Meridian Carriers,44383,158143.25,94.45,0.548,98.85,43,0.32,2025-08-11
24,DFW→EWR,North America,LTL,Northwind Freight,16419,78270.97,89.61,0.535,97.67,44,0.28,2025-08-11
24,DFW→LAX,North America,LTL,Atlas Logistics,44950,216017.73,91.79,0.319,97.55,41,0.28,2025-08-11
24,ORD→PHX,North America,Air,Skyway Cargo,16807,153419.85,90.73,0.553,98.94,40,0.42,2025-08-11
24,PHX→ATL,North America,LTL,Atlas Logistics,25166,127636.55,92.26,0.683,97.95,39,0.28,2025-08-11
24,MAD→MXP,Europe,Truckload,Meridian Carriers,21342,66984.19,89.9,0.625,97.32,40,0.32,2025-08-11
24,MXP→FRA,Europe,LTL,BlueLine Express,43502,201261.4,94.64,0.391,97.04,40,0.28,2025-08-11
24,FRA→MXP,Europe,Air,Skyway Cargo,23303,227456.52,97.17,0.538,99.09,45,0.42,2025-08-11
24,AMS→MAD,Europe,Truckload,Northwind Freight,10542,35542.09,88.88,0.248,97.17,44,0.32,2025-08-11
24,WAW→LHR,Europe,Truckload,Atlas Logistics,27468,96984.42,96.36,0.211,98.95,45,0.32,2025-08-11
24,WAW→FRA,Europe,Intermodal,Pacific Rail Co,15591,35351.92,99.41,0.59,96.78,46,0.18,2025-08-11
24,ICN→DEL,Asia Pacific,Truckload,BlueLine Express,54862,199078.35,96.18,0.418,97.74,45,0.32,2025-08-11
24,DEL→SYD,Asia Pacific,Intermodal,Pacific Rail Co,17090,46662.03,90.18,0.465,97.11,40,0.18,2025-08-11
24,NRT→SYD,Asia Pacific,Intermodal,Pacific Rail Co,46875,108624.2,96.62,0.2,98.82,41,0.18,2025-08-11
24,SIN→SYD,Asia Pacific,LTL,Northwind Freight,26529,136186.38,94.75,0.453,98.63,40,0.28,2025-08-11
24,ICN→SYD,Asia Pacific,Intermodal,Pacific Rail Co,35321,85548.69,94.46,0.353,99.3,39,0.18,2025-08-11
24,SYD→NRT,Asia Pacific,Truckload,Northwind Freight,47440,138729.84,96.27,0.265,96.79,38,0.32,2025-08-11
24,DEL→SIN,Asia Pacific,LTL,Atlas Logistics,20044,105266.87,95.89,0.543,96.56,45,0.28,2025-08-11
24,ICN→SIN,Asia Pacific,Truckload,BlueLine Express,11368,39846.27,90.21,0.579,97.93,39,0.32,2025-08-11
25,LAX→ORD,North America,Truckload,BlueLine Express,18937,65154.59,88.23,0.237,96.57,43,0.32,2025-08-18
25,SEA→ORD,North America,Truckload,Northwind Freight,46528,147325.16,95.41,0.231,96.78,44,0.32,2025-08-18
25,SEA→LAX,North America,LTL,Atlas Logistics,20804,101112.98,95.62,0.254,97.03,41,0.28,2025-08-18
25,EWR→MEM,North America,Truckload,Meridian Carriers,37321,131336.74,94.75,0.594,97.67,44,0.32,2025-08-18
25,DFW→EWR,North America,LTL,Northwind Freight,17636,82234.31,89.28,0.605,96.76,47,0.28,2025-08-18
25,DFW→LAX,North America,LTL,Atlas Logistics,39873,198114.34,93.24,0.28,98.08,46,0.28,2025-08-18
25,ORD→PHX,North America,Air,Skyway Cargo,17833,170947.34,92.15,0.563,99.13,46,0.42,2025-08-18
25,PHX→ATL,North America,LTL,Atlas Logistics,27430,133976.1,94.32,0.613,97.4,40,0.28,2025-08-18
25,MAD→MXP,Europe,Truckload,Meridian Carriers,25547,79857.87,88.98,0.612,99.48,45,0.32,2025-08-18
25,MXP→FRA,Europe,LTL,BlueLine Express,44843,206590.33,97,0.517,96.83,44,0.28,2025-08-18
25,FRA→MXP,Europe,Air,Skyway Cargo,23541,217535.86,98.71,0.447,96.35,43,0.42,2025-08-18
25,AMS→MAD,Europe,Truckload,Northwind Freight,10395,34418.69,89.15,0.275,98.99,46,0.32,2025-08-18
25,WAW→LHR,Europe,Truckload,Atlas Logistics,29598,103385.04,97.68,0.21,96.97,43,0.32,2025-08-18
25,WAW→FRA,Europe,Intermodal,Pacific Rail Co,16054,37996.44,97.07,0.654,99.43,45,0.18,2025-08-18
25,ICN→DEL,Asia Pacific,Truckload,BlueLine Express,55447,203781.3,98.11,0.342,99.33,41,0.32,2025-08-18
25,DEL→SYD,Asia Pacific,Intermodal,Pacific Rail Co,17945,45564.7,88.63,0.47,97.85,43,0.18,2025-08-18
25,NRT→SYD,Asia Pacific,Intermodal,Pacific Rail Co,53623,123090.02,99.04,0.282,96.3,39,0.18,2025-08-18
25,SIN→SYD,Asia Pacific,LTL,Northwind Freight,29063,150700.36,96.22,0.374,98.48,46,0.28,2025-08-18
25,ICN→SYD,Asia Pacific,Intermodal,Pacific Rail Co,37955,97368.48,92.84,0.38,96.52,40,0.18,2025-08-18
25,SYD→NRT,Asia Pacific,Truckload,Northwind Freight,47637,148579.84,99.5,0.353,97.8,41,0.32,2025-08-18
25,DEL→SIN,Asia Pacific,LTL,Atlas Logistics,21313,107826.86,94.04,0.555,97.23,39,0.28,2025-08-18
25,ICN→SIN,Asia Pacific,Truckload,BlueLine Express,12050,40782.99,91.69,0.661,97.02,41,0.32,2025-08-18
26,LAX→ORD,North America,Truckload,BlueLine Express,19005,61995.87,89.61,0.305,96.47,45,0.32,2025-08-25
26,SEA→ORD,North America,Truckload,Northwind Freight,53515,162583.49,97.8,0.259,97.48,40,0.32,2025-08-25
26,SEA→LAX,North America,LTL,Atlas Logistics,19110,93161.38,94.53,0.264,99.16,42,0.28,2025-08-25
26,EWR→MEM,North America,Truckload,Meridian Carriers,40537,147752.96,93.61,0.519,97.15,38,0.32,2025-08-25
26,DFW→EWR,North America,LTL,Northwind Freight,16932,80991.04,90.24,0.511,97.66,45,0.28,2025-08-25
26,DFW→LAX,North America,LTL,Atlas Logistics,41032,192133.74,91.68,0.287,96.96,40,0.28,2025-08-25
26,ORD→PHX,North America,Air,Skyway Cargo,15937,152313.64,92.74,0.613,98.64,41,0.42,2025-08-25
26,PHX→ATL,North America,LTL,Atlas Logistics,23539,115026.13,94.4,0.608,98.54,43,0.28,2025-08-25
26,MAD→MXP,Europe,Truckload,Meridian Carriers,22653,70025.78,92.55,0.741,97.98,42,0.32,2025-08-25
26,MXP→FRA,Europe,LTL,BlueLine Express,48800,226940.74,95.76,0.426,96.8,40,0.28,2025-08-25
26,FRA→MXP,Europe,Air,Skyway Cargo,21178,207526.2,98.15,0.505,98.51,46,0.42,2025-08-25
26,AMS→MAD,Europe,Truckload,Northwind Freight,10760,35302.54,89.98,0.279,96.19,43,0.32,2025-08-25
26,WAW→LHR,Europe,Truckload,Atlas Logistics,29619,105448.41,94.65,0.296,98.28,46,0.32,2025-08-25
26,WAW→FRA,Europe,Intermodal,Pacific Rail Co,14552,32678.6,98.4,0.589,96.33,45,0.18,2025-08-25
26,ICN→DEL,Asia Pacific,Truckload,BlueLine Express,55041,206213.06,97.02,0.453,97.13,43,0.32,2025-08-25
26,DEL→SYD,Asia Pacific,Intermodal,Pacific Rail Co,16801,42844.39,90.52,0.438,98.57,40,0.18,2025-08-25
26,NRT→SYD,Asia Pacific,Intermodal,Pacific Rail Co,52282,119203.49,98.12,0.246,96.48,46,0.18,2025-08-25
26,SIN→SYD,Asia Pacific,LTL,Northwind Freight,28815,146538.89,96.91,0.383,98.41,40,0.28,2025-08-25
26,ICN→SYD,Asia Pacific,Intermodal,Pacific Rail Co,35311,87063.27,93.48,0.425,96.18,40,0.18,2025-08-25
26,SYD→NRT,Asia Pacific,Truckload,Northwind Freight,44207,133083.41,96.53,0.345,96.16,41,0.32,2025-08-25
26,DEL→SIN,Asia Pacific,LTL,Atlas Logistics,19665,103848.94,96.94,0.563,96.84,45,0.28,2025-08-25
26,ICN→SIN,Asia Pacific,Truckload,BlueLine Express,11416,39143.64,93.44,0.615,99.46,47,0.32,2025-08-25
27,LAX→ORD,North America,Truckload,BlueLine Express,18710,61691.97,88.82,0.256,99.06,45,0.32,2025-09-01
27,SEA→ORD,North America,Truckload,Northwind Freight,48148,151586.7,94.52,0.17,99.26,45,0.32,2025-09-01
27,SEA→LAX,North America,LTL,Atlas Logistics,18294,83462.2,95.86,0.317,99.27,38,0.28,2025-09-01
27,EWR→MEM,North America,Truckload,Meridian Carriers,38987,137371.36,95.29,0.61,96.3,38,0.32,2025-09-01
27,DFW→EWR,North America,LTL,Northwind Freight,15684,69886.75,91.28,0.589,96.4,44,0.28,2025-09-01
27,DFW→LAX,North America,LTL,Atlas Logistics,44473,219290.1,91.99,0.269,98.17,43,0.28,2025-09-01
27,ORD→PHX,North America,Air,Skyway Cargo,17048,153726.32,92.82,0.564,96.76,42,0.42,2025-09-01
27,PHX→ATL,North America,LTL,Atlas Logistics,23348,111358.41,94.23,0.678,99.44,39,0.28,2025-09-01
27,MAD→MXP,Europe,Truckload,Meridian Carriers,23362,73501.09,91.9,0.726,98.16,40,0.32,2025-09-01
27,MXP→FRA,Europe,LTL,BlueLine Express,45679,207046.98,95.38,0.497,96.21,44,0.28,2025-09-01
27,FRA→MXP,Europe,Air,Skyway Cargo,21392,207745.59,96.67,0.5,98.39,40,0.42,2025-09-01
27,AMS→MAD,Europe,Truckload,Northwind Freight,11734,38971.89,89.51,0.2,96.6,41,0.32,2025-09-01
27,WAW→LHR,Europe,Truckload,Atlas Logistics,25826,89742.94,95.56,0.24,96.82,41,0.32,2025-09-01
27,WAW→FRA,Europe,Intermodal,Pacific Rail Co,13808,32550.33,97.38,0.627,96.59,39,0.18,2025-09-01
27,ICN→DEL,Asia Pacific,Truckload,BlueLine Express,55114,200482.57,95.64,0.449,97.46,43,0.32,2025-09-01
27,DEL→SYD,Asia Pacific,Intermodal,Pacific Rail Co,19496,53329.36,88.54,0.36,96.17,41,0.18,2025-09-01
27,NRT→SYD,Asia Pacific,Intermodal,Pacific Rail Co,45414,102215.58,95.16,0.183,98.13,40,0.18,2025-09-01
27,SIN→SYD,Asia Pacific,LTL,Northwind Freight,26281,142443.36,95.92,0.368,99.15,44,0.28,2025-09-01
27,ICN→SYD,Asia Pacific,Intermodal,Pacific Rail Co,36157,87992.88,95.18,0.437,96.65,42,0.18,2025-09-01
27,SYD→NRT,Asia Pacific,Truckload,Northwind Freight,46816,145702.04,96.83,0.36,96.4,42,0.32,2025-09-01
27,DEL→SIN,Asia Pacific,LTL,Atlas Logistics,23306,118853.5,95.31,0.576,97.03,40,0.28,2025-09-01
27,ICN→SIN,Asia Pacific,Truckload,BlueLine Express,13003,44160.08,90.01,0.651,96.37,42,0.32,2025-09-01
28,LAX→ORD,North America,Truckload,BlueLine Express,16799,58324.54,90.27,0.275,99.37,40,0.32,2025-09-08
28,SEA→ORD,North America,Truckload,Northwind Freight,48989,146933.71,95.57,0.29,96.1,44,0.32,2025-09-08
28,SEA→LAX,North America,LTL,Atlas Logistics,17960,82185.29,93.65,0.205,96.61,41,0.28,2025-09-08
28,EWR→MEM,North America,Truckload,Meridian Carriers,43538,159460.99,91.89,0.592,96.8,43,0.32,2025-09-08
28,DFW→EWR,North America,LTL,Northwind Freight,15735,71276.17,91.98,0.634,98.63,39,0.28,2025-09-08
28,DFW→LAX,North America,LTL,Atlas Logistics,41371,199784.21,90.43,0.264,97.49,46,0.28,2025-09-08
28,ORD→PHX,North America,Air,Skyway Cargo,16518,152287.17,90.14,0.607,96.64,38,0.42,2025-09-08
28,PHX→ATL,North America,LTL,Atlas Logistics,27597,133557.93,94.19,0.644,98.81,38,0.28,2025-09-08
28,MAD→MXP,Europe,Truckload,Meridian Carriers,22192,67147.29,92.23,0.716,98.52,41,0.32,2025-09-08
28,MXP→FRA,Europe,LTL,BlueLine Express,49986,226654.2,95.41,0.501,98.06,41,0.28,2025-09-08
28,FRA→MXP,Europe,Air,Skyway Cargo,22630,214789.08,95.61,0.48,97.28,45,0.42,2025-09-08
28,AMS→MAD,Europe,Truckload,Northwind Freight,10414,35051.26,88.89,0.177,98.64,39,0.32,2025-09-08
28,WAW→LHR,Europe,Truckload,Atlas Logistics,28006,95792.36,95.73,0.297,98.27,38,0.32,2025-09-08
28,WAW→FRA,Europe,Intermodal,Pacific Rail Co,13442,31313.61,98.04,0.559,99.16,41,0.18,2025-09-08
28,ICN→DEL,Asia Pacific,Truckload,BlueLine Express,56430,201892.76,99.15,0.37,96.77,40,0.32,2025-09-08
28,DEL→SYD,Asia Pacific,Intermodal,Pacific Rail Co,18346,47525.01,91.85,0.444,97.86,44,0.18,2025-09-08
28,NRT→SYD,Asia Pacific,Intermodal,Pacific Rail Co,53792,125101.96,98.99,0.31,98.48,45,0.18,2025-09-08
28,SIN→SYD,Asia Pacific,LTL,Northwind Freight,30580,155600.16,96.24,0.411,96.52,44,0.28,2025-09-08
28,ICN→SYD,Asia Pacific,Intermodal,Pacific Rail Co,40371,102735.49,92.81,0.398,97.34,44,0.18,2025-09-08
28,SYD→NRT,Asia Pacific,Truckload,Northwind Freight,46015,140919.63,96.57,0.288,96.14,43,0.32,2025-09-08
28,DEL→SIN,Asia Pacific,LTL,Atlas Logistics,21092,106971.59,94.9,0.61,97.84,46,0.28,2025-09-08
28,ICN→SIN,Asia Pacific,Truckload,BlueLine Express,11206,37547.43,92.01,0.702,98.01,38,0.32,2025-09-08
29,LAX→ORD,North America,Truckload,BlueLine Express,20074,65260.21,90.76,0.244,98.09,40,0.32,2025-09-15
29,SEA→ORD,North America,Truckload,Northwind Freight,51850,157482.8,95.7,0.151,97.36,39,0.32,2025-09-15
29,SEA→LAX,North America,LTL,Atlas Logistics,17394,82310.05,94.97,0.199,98,42,0.28,2025-09-15
29,EWR→MEM,North America,Truckload,Meridian Carriers,38588,135334.37,93.5,0.623,98.88,46,0.32,2025-09-15
29,DFW→EWR,North America,LTL,Northwind Freight,18117,80910.3,90.78,0.574,96.07,45,0.28,2025-09-15
29,DFW→LAX,North America,LTL,Atlas Logistics,43051,208032,93.7,0.247,97.58,38,0.28,2025-09-15
29,ORD→PHX,North America,Air,Skyway Cargo,16551,156647.37,91.39,0.587,99.01,42,0.42,2025-09-15
29,PHX→ATL,North America,LTL,Atlas Logistics,27436,135521.58,92,0.625,98.18,42,0.28,2025-09-15
29,MAD→MXP,Europe,Truckload,Meridian Carriers,25287,82070.71,89.85,0.761,98.86,40,0.32,2025-09-15
29,MXP→FRA,Europe,LTL,BlueLine Express,44911,201620.25,94.61,0.434,96.86,39,0.28,2025-09-15
29,FRA→MXP,Europe,Air,Skyway Cargo,22675,211252.71,98.58,0.48,99.43,44,0.42,2025-09-15
29,AMS→MAD,Europe,Truckload,Northwind Freight,10751,36480.98,90.81,0.166,97.22,44,0.32,2025-09-15
29,WAW→LHR,Europe,Truckload,Atlas Logistics,25743,86480.11,94.96,0.231,96.32,39,0.32,2025-09-15
29,WAW→FRA,Europe,Intermodal,Pacific Rail Co,15013,35309.74,99.02,0.586,96.37,46,0.18,2025-09-15
29,ICN→DEL,Asia Pacific,Truckload,BlueLine Express,49723,184060.27,97.37,0.442,97.37,41,0.32,2025-09-15
29,DEL→SYD,Asia Pacific,Intermodal,Pacific Rail Co,19179,49813.54,91.6,0.393,97.16,39,0.18,2025-09-15
29,NRT→SYD,Asia Pacific,Intermodal,Pacific Rail Co,46881,105273.48,97.04,0.296,96.43,40,0.18,2025-09-15
29,SIN→SYD,Asia Pacific,LTL,Northwind Freight,29009,155571.47,96.9,0.411,98.4,44,0.28,2025-09-15
29,ICN→SYD,Asia Pacific,Intermodal,Pacific Rail Co,37147,92688.33,92.6,0.449,96.33,40,0.18,2025-09-15
29,SYD→NRT,Asia Pacific,Truckload,Northwind Freight,49235,143340.48,98.12,0.307,96.13,41,0.32,2025-09-15
29,DEL→SIN,Asia Pacific,LTL,Atlas Logistics,20234,105290.49,94.38,0.626,99.11,47,0.28,2025-09-15
29,ICN→SIN,Asia Pacific,Truckload,BlueLine Express,12167,40683.1,93.12,0.69,98.73,45,0.32,2025-09-15
30,LAX→ORD,North America,Truckload,BlueLine Express,18242,59143.98,89.17,0.301,97.96,38,0.32,2025-09-22
30,SEA→ORD,North America,Truckload,Northwind Freight,53339,166905.73,95.51,0.189,96.07,44,0.32,2025-09-22
30,SEA→LAX,North America,LTL,Atlas Logistics,17331,82510.69,93.74,0.266,99.33,42,0.28,2025-09-22
30,EWR→MEM,North America,Truckload,Meridian Carriers,40662,140734.14,93.41,0.498,99.26,47,0.32,2025-09-22
30,DFW→EWR,North America,LTL,Northwind Freight,17816,82361.43,90.37,0.573,99.49,44,0.28,2025-09-22
30,DFW→LAX,North America,LTL,Atlas Logistics,40167,184427.39,92.86,0.241,98.47,44,0.28,2025-09-22
30,ORD→PHX,North America,Air,Skyway Cargo,15963,152134.9,91.33,0.609,98.1,40,0.42,2025-09-22
30,PHX→ATL,North America,LTL,Atlas Logistics,24843,124652.81,93.25,0.606,99.07,45,0.28,2025-09-22
30,MAD→MXP,Europe,Truckload,Meridian Carriers,24894,76654.65,90.39,0.615,99.29,47,0.32,2025-09-22
30,MXP→FRA,Europe,LTL,BlueLine Express,43217,195320.88,96.87,0.466,99.44,42,0.28,2025-09-22
30,FRA→MXP,Europe,Air,Skyway Cargo,23574,214044.7,97.18,0.574,97.25,42,0.42,2025-09-22
30,AMS→MAD,Europe,Truckload,Northwind Freight,10758,36416.44,90.54,0.259,98.77,39,0.32,2025-09-22
30,WAW→LHR,Europe,Truckload,Atlas Logistics,28120,95412.94,97.96,0.173,96.43,41,0.32,2025-09-22
30,WAW→FRA,Europe,Intermodal,Pacific Rail Co,15924,37846.6,98.69,0.608,98.12,44,0.18,2025-09-22
30,ICN→DEL,Asia Pacific,Truckload,BlueLine Express,49237,177359.62,98.2,0.434,98.64,42,0.32,2025-09-22
30,DEL→SYD,Asia Pacific,Intermodal,Pacific Rail Co,18044,46877.2,91.91,0.406,97.21,44,0.18,2025-09-22
30,NRT→SYD,Asia Pacific,Intermodal,Pacific Rail Co,53968,125380.38,95.19,0.299,98.4,46,0.18,2025-09-22
30,SIN→SYD,Asia Pacific,LTL,Northwind Freight,24926,125063.41,96.61,0.429,97.47,42,0.28,2025-09-22
30,ICN→SYD,Asia Pacific,Intermodal,Pacific Rail Co,35589,88366.56,94.72,0.457,97.58,42,0.18,2025-09-22
30,SYD→NRT,Asia Pacific,Truckload,Northwind Freight,45126,138685.58,96.27,0.251,98.07,44,0.32,2025-09-22
30,DEL→SIN,Asia Pacific,LTL,Atlas Logistics,18922,99152.2,93.83,0.55,98.44,44,0.28,2025-09-22
30,ICN→SIN,Asia Pacific,Truckload,BlueLine Express,12014,41762.11,91.47,0.672,97.32,41,0.32,2025-09-22
31,LAX→ORD,North America,Truckload,BlueLine Express,19360,63473.12,91.32,0.18,98.3,45,0.32,2025-09-29
31,SEA→ORD,North America,Truckload,Northwind Freight,54082,170879.27,98,0.169,98.21,39,0.32,2025-09-29
31,SEA→LAX,North America,LTL,Atlas Logistics,19407,88952.83,93.31,0.28,99.37,46,0.28,2025-09-29
31,EWR→MEM,North America,Truckload,Meridian Carriers,36426,127220.95,94.48,0.584,97.35,40,0.32,2025-09-29
31,DFW→EWR,North America,LTL,Northwind Freight,17547,77184.1,90.14,0.605,98.98,39,0.28,2025-09-29
31,DFW→LAX,North America,LTL,Atlas Logistics,42379,206679.64,93.4,0.283,96.43,41,0.28,2025-09-29
31,ORD→PHX,North America,Air,Skyway Cargo,16639,152707.09,90.53,0.543,96.64,42,0.42,2025-09-29
31,PHX→ATL,North America,LTL,Atlas Logistics,22887,108655.7,94.01,0.739,99.4,46,0.28,2025-09-29
31,MAD→MXP,Europe,Truckload,Meridian Carriers,24193,77861.36,90.13,0.756,98.93,46,0.32,2025-09-29
31,MXP→FRA,Europe,LTL,BlueLine Express,43046,197262.82,94.18,0.435,98.08,45,0.28,2025-09-29
31,FRA→MXP,Europe,Air,Skyway Cargo,22239,211649.27,97.14,0.445,97.35,45,0.42,2025-09-29
31,AMS→MAD,Europe,Truckload,Northwind Freight,11582,38554.9,90.11,0.283,98.53,47,0.32,2025-09-29
31,WAW→LHR,Europe,Truckload,Atlas Logistics,28541,97894.09,97.72,0.247,96.35,39,0.32,2025-09-29
31,WAW→FRA,Europe,Intermodal,Pacific Rail Co,13397,29717.22,98.26,0.666,97.97,45,0.18,2025-09-29
31,ICN→DEL,Asia Pacific,Truckload,BlueLine Express,56712,201320.13,99.49,0.345,98.47,44,0.32,2025-09-29
31,DEL→SYD,Asia Pacific,Intermodal,Pacific Rail Co,17621,46753.95,90.7,0.468,98.09,46,0.18,2025-09-29
31,NRT→SYD,Asia Pacific,Intermodal,Pacific Rail Co,47519,107900.63,96.41,0.246,97.64,40,0.18,2025-09-29
31,SIN→SYD,Asia Pacific,LTL,Northwind Freight,29771,151918.01,96.22,0.383,97.65,44,0.28,2025-09-29
31,ICN→SYD,Asia Pacific,Intermodal,Pacific Rail Co,35511,89018.62,96.01,0.482,97.6,46,0.18,2025-09-29
31,SYD→NRT,Asia Pacific,Truckload,Northwind Freight,44269,130193.58,97.01,0.329,99.47,45,0.32,2025-09-29
31,DEL→SIN,Asia Pacific,LTL,Atlas Logistics,19302,96820.12,93.99,0.575,96.4,41,0.28,2025-09-29
31,ICN→SIN,Asia Pacific,Truckload,BlueLine Express,11733,40207.57,90.71,0.606,97.51,40,0.32,2025-09-29
32,LAX→ORD,North America,Truckload,BlueLine Express,18960,63044.55,88.94,0.215,97.78,41,0.32,2025-10-06
32,SEA→ORD,North America,Truckload,Northwind Freight,51524,160697.75,96.62,0.202,98.3,40,0.32,2025-10-06
32,SEA→LAX,North America,LTL,Atlas Logistics,17206,78865.01,95.37,0.304,98.88,47,0.28,2025-10-06
32,EWR→MEM,North America,Truckload,Meridian Carriers,40208,140107.85,92.03,0.535,98.77,46,0.32,2025-10-06
32,DFW→EWR,North America,LTL,Northwind Freight,16904,79719.27,90.47,0.505,96.01,46,0.28,2025-10-06
32,DFW→LAX,North America,LTL,Atlas Logistics,41300,197003.87,91.83,0.326,97.45,45,0.28,2025-10-06
32,ORD→PHX,North America,Air,Skyway Cargo,16887,152130.59,91.34,0.604,98.19,45,0.42,2025-10-06
32,PHX→ATL,North America,LTL,Atlas Logistics,22631,108376.05,92.87,0.612,97.78,40,0.28,2025-10-06
32,MAD→MXP,Europe,Truckload,Meridian Carriers,22429,71836.56,90.98,0.742,97.28,46,0.32,2025-10-06
32,MXP→FRA,Europe,LTL,BlueLine Express,49111,218059.02,94.97,0.371,98.38,45,0.28,2025-10-06
32,FRA→MXP,Europe,Air,Skyway Cargo,19911,186067.76,98.66,0.551,98.43,45,0.42,2025-10-06
32,AMS→MAD,Europe,Truckload,Northwind Freight,10913,36072.81,90.68,0.15,97.16,44,0.32,2025-10-06
32,WAW→LHR,Europe,Truckload,Atlas Logistics,24138,78831.43,94.42,0.24,98.17,41,0.32,2025-10-06
32,WAW→FRA,Europe,Intermodal,Pacific Rail Co,13660,31966.77,97.07,0.534,98.85,43,0.18,2025-10-06
32,ICN→DEL,Asia Pacific,Truckload,BlueLine Express,51901,184526.87,98.89,0.383,98.11,39,0.32,2025-10-06
32,DEL→SYD,Asia Pacific,Intermodal,Pacific Rail Co,19249,52384.39,91.73,0.363,98.77,41,0.18,2025-10-06
32,NRT→SYD,Asia Pacific,Intermodal,Pacific Rail Co,45164,98271.85,96.91,0.233,96.14,39,0.18,2025-10-06
32,SIN→SYD,Asia Pacific,LTL,Northwind Freight,27082,136645.83,96.3,0.421,96.93,46,0.28,2025-10-06
32,ICN→SYD,Asia Pacific,Intermodal,Pacific Rail Co,34052,86655.09,94.68,0.47,98.97,41,0.18,2025-10-06
32,SYD→NRT,Asia Pacific,Truckload,Northwind Freight,50028,147766,96.45,0.275,96.12,43,0.32,2025-10-06
32,DEL→SIN,Asia Pacific,LTL,Atlas Logistics,21818,106360,94.76,0.644,96.33,41,0.28,2025-10-06
32,ICN→SIN,Asia Pacific,Truckload,BlueLine Express,12452,41353.58,91.08,0.708,97.93,47,0.32,2025-10-06
33,LAX→ORD,North America,Truckload,BlueLine Express,16361,55076.83,88.34,0.164,98.49,41,0.32,2025-10-13
33,SEA→ORD,North America,Truckload,Northwind Freight,44369,137050.34,96.32,0.185,97.47,41,0.32,2025-10-13
33,SEA→LAX,North America,LTL,Atlas Logistics,18323,84080.47,94.24,0.213,98.49,44,0.28,2025-10-13
33,EWR→MEM,North America,Truckload,Meridian Carriers,37542,129214.63,93.67,0.622,96.06,41,0.32,2025-10-13
33,DFW→EWR,North America,LTL,Northwind Freight,15213,71016.89,90.88,0.627,97.56,46,0.28,2025-10-13
33,DFW→LAX,North America,LTL,Atlas Logistics,37771,181471.34,94.1,0.349,99.39,42,0.28,2025-10-13
33,ORD→PHX,North America,Air,Skyway Cargo,14632,132236.66,93.13,0.519,98.99,41,0.42,2025-10-13
33,PHX→ATL,North America,LTL,Atlas Logistics,23807,118481.05,90.74,0.713,97.59,44,0.28,2025-10-13
33,MAD→MXP,Europe,Truckload,Meridian Carriers,24244,74849.64,89.09,0.661,98.56,43,0.32,2025-10-13
33,MXP→FRA,Europe,LTL,BlueLine Express,48132,222531.73,95.06,0.457,98.14,47,0.28,2025-10-13
33,FRA→MXP,Europe,Air,Skyway Cargo,21289,198477.42,97.74,0.57,97.45,47,0.42,2025-10-13
33,AMS→MAD,Europe,Truckload,Northwind Freight,10749,34726.35,91.59,0.203,97.68,46,0.32,2025-10-13
33,WAW→LHR,Europe,Truckload,Atlas Logistics,26457,89978.96,95.85,0.208,97.74,41,0.32,2025-10-13
33,WAW→FRA,Europe,Intermodal,Pacific Rail Co,13872,30830.3,99.5,0.658,96.87,39,0.18,2025-10-13
33,ICN→DEL,Asia Pacific,Truckload,BlueLine Express,51076,176950.92,98.65,0.324,97.43,44,0.32,2025-10-13
33,DEL→SYD,Asia Pacific,Intermodal,Pacific Rail Co,17632,46034.93,90.16,0.48,98.7,39,0.18,2025-10-13
33,NRT→SYD,Asia Pacific,Intermodal,Pacific Rail Co,49037,113547.6,95.55,0.292,96.01,45,0.18,2025-10-13
33,SIN→SYD,Asia Pacific,LTL,Northwind Freight,24891,124930.75,95.07,0.39,98.15,42,0.28,2025-10-13
33,ICN→SYD,Asia Pacific,Intermodal,Pacific Rail Co,40888,102761.36,95.77,0.399,97.7,43,0.18,2025-10-13
33,SYD→NRT,Asia Pacific,Truckload,Northwind Freight,45902,130040.07,96.12,0.264,96.28,47,0.32,2025-10-13
33,DEL→SIN,Asia Pacific,LTL,Atlas Logistics,19474,98377.77,95.02,0.592,96.99,43,0.28,2025-10-13
33,ICN→SIN,Asia Pacific,Truckload,BlueLine Express,12076,39245.92,89.73,0.572,99.42,46,0.32,2025-10-13
34,LAX→ORD,North America,Truckload,BlueLine Express,19213,64562.02,89.88,0.29,98.69,42,0.32,2025-10-20
34,SEA→ORD,North America,Truckload,Northwind Freight,52270,162373.28,97.76,0.144,96.31,45,0.32,2025-10-20
34,SEA→LAX,North America,LTL,Atlas Logistics,18426,82081.11,96.15,0.223,99.02,40,0.28,2025-10-20
34,EWR→MEM,North America,Truckload,Meridian Carriers,39854,137863.52,93.27,0.58,98.18,39,0.32,2025-10-20
34,DFW→EWR,North America,LTL,Northwind Freight,16255,74779.18,88.51,0.577,99.43,38,0.28,2025-10-20
34,DFW→LAX,North America,LTL,Atlas Logistics,39986,193308.73,92.05,0.37,96.2,42,0.28,2025-10-20
34,ORD→PHX,North America,Air,Skyway Cargo,14661,129667.13,92.34,0.608,98.84,41,0.42,2025-10-20
34,PHX→ATL,North America,LTL,Atlas Logistics,22791,112932.22,93.68,0.658,96.64,44,0.28,2025-10-20
34,MAD→MXP,Europe,Truckload,Meridian Carriers,23448,72274.05,89.87,0.682,99.16,39,0.32,2025-10-20
34,MXP→FRA,Europe,LTL,BlueLine Express,44956,198045.78,93.71,0.494,97.02,41,0.28,2025-10-20
34,FRA→MXP,Europe,Air,Skyway Cargo,23134,203455.04,96.39,0.568,96.31,43,0.42,2025-10-20
34,AMS→MAD,Europe,Truckload,Northwind Freight,10054,32379.13,89.34,0.253,98.59,41,0.32,2025-10-20
34,WAW→LHR,Europe,Truckload,Atlas Logistics,25566,82837.85,94.11,0.244,96.46,46,0.32,2025-10-20
34,WAW→FRA,Europe,Intermodal,Pacific Rail Co,14544,33146.25,97.67,0.562,97.45,40,0.18,2025-10-20
34,ICN→DEL,Asia Pacific,Truckload,BlueLine Express,46888,167103.7,99.09,0.351,96.8,46,0.32,2025-10-20
34,DEL→SYD,Asia Pacific,Intermodal,Pacific Rail Co,17803,47215.07,90.8,0.395,98.69,46,0.18,2025-10-20
34,NRT→SYD,Asia Pacific,Intermodal,Pacific Rail Co,43571,95120.44,97.5,0.238,96.58,39,0.18,2025-10-20
34,SIN→SYD,Asia Pacific,LTL,Northwind Freight,27861,148280.03,97.16,0.404,97.66,47,0.28,2025-10-20
34,ICN→SYD,Asia Pacific,Intermodal,Pacific Rail Co,33655,86013.74,93.18,0.484,97.11,38,0.18,2025-10-20
34,SYD→NRT,Asia Pacific,Truckload,Northwind Freight,46319,140002.62,99.5,0.314,99.11,46,0.32,2025-10-20
34,DEL→SIN,Asia Pacific,LTL,Atlas Logistics,18687,94560.32,96.38,0.529,98.73,45,0.28,2025-10-20
34,ICN→SIN,Asia Pacific,Truckload,BlueLine Express,12255,39128.03,90.71,0.642,98.92,45,0.32,2025-10-20
35,LAX→ORD,North America,Truckload,BlueLine Express,17136,57009.02,91.76,0.198,96.99,44,0.32,2025-10-27
35,SEA→ORD,North America,Truckload,Northwind Freight,51726,152162.18,96.16,0.251,97.48,38,0.32,2025-10-27
35,SEA→LAX,North America,LTL,Atlas Logistics,17161,81404.16,96.49,0.319,98.58,43,0.28,2025-10-27
35,EWR→MEM,North America,Truckload,Meridian Carriers,39777,136405.84,93.38,0.584,99.16,41,0.32,2025-10-27
35,DFW→EWR,North America,LTL,Northwind Freight,14956,68281.31,89.04,0.588,97.78,43,0.28,2025-10-27
35,DFW→LAX,North America,LTL,Atlas Logistics,43890,211720.47,91.36,0.252,98.7,39,0.28,2025-10-27
35,ORD→PHX,North America,Air,Skyway Cargo,16779,149192.57,90.45,0.558,98.81,43,0.42,2025-10-27
35,PHX→ATL,North America,LTL,Atlas Logistics,22171,103226.41,91.11,0.638,98.26,42,0.28,2025-10-27
35,MAD→MXP,Europe,Truckload,Meridian Carriers,21361,64325.76,91.18,0.618,98.62,45,0.32,2025-10-27
35,MXP→FRA,Europe,LTL,BlueLine Express,45115,197270.77,93.89,0.489,98.06,45,0.28,2025-10-27
35,FRA→MXP,Europe,Air,Skyway Cargo,23547,209988.24,98.42,0.502,96.22,40,0.42,2025-10-27
35,AMS→MAD,Europe,Truckload,Northwind Freight,10876,35063.83,90.72,0.225,99.29,46,0.32,2025-10-27
35,WAW→LHR,Europe,Truckload,Atlas Logistics,26788,89332.27,94.32,0.2,97.28,41,0.32,2025-10-27
35,WAW→FRA,Europe,Intermodal,Pacific Rail Co,13860,31332.27,99.31,0.596,98.79,45,0.18,2025-10-27
35,ICN→DEL,Asia Pacific,Truckload,BlueLine Express,47095,168724.54,99.5,0.371,97.98,46,0.32,2025-10-27
35,DEL→SYD,Asia Pacific,Intermodal,Pacific Rail Co,18237,48495.32,91.61,0.465,98.55,39,0.18,2025-10-27
35,NRT→SYD,Asia Pacific,Intermodal,Pacific Rail Co,51439,113020.87,97.8,0.313,99.03,41,0.18,2025-10-27
35,SIN→SYD,Asia Pacific,LTL,Northwind Freight,27797,137763.04,96.4,0.397,97.32,46,0.28,2025-10-27
35,ICN→SYD,Asia Pacific,Intermodal,Pacific Rail Co,33478,82820.83,93.1,0.479,96.98,43,0.18,2025-10-27
35,SYD→NRT,Asia Pacific,Truckload,Northwind Freight,47701,140251.49,98.7,0.355,99.43,39,0.32,2025-10-27
35,DEL→SIN,Asia Pacific,LTL,Atlas Logistics,20258,100599.66,94.8,0.608,98.69,40,0.28,2025-10-27
35,ICN→SIN,Asia Pacific,Truckload,BlueLine Express,10690,34542.63,89.86,0.702,96.05,45,0.32,2025-10-27
36,LAX→ORD,North America,Truckload,BlueLine Express,18456,58680.44,89.15,0.234,97.22,43,0.32,2025-11-03
36,SEA→ORD,North America,Truckload,Northwind Freight,50219,154352.06,94.94,0.205,97.67,39,0.32,2025-11-03
36,SEA→LAX,North America,LTL,Atlas Logistics,17260,80869.69,92.73,0.213,98.7,39,0.28,2025-11-03
36,EWR→MEM,North America,Truckload,Meridian Carriers,38253,128392.34,95.56,0.539,97.8,46,0.32,2025-11-03
36,DFW→EWR,North America,LTL,Northwind Freight,15043,65929.85,90.79,0.524,98.34,42,0.28,2025-11-03
36,DFW→LAX,North America,LTL,Atlas Logistics,40532,191821.4,93.21,0.283,97.39,44,0.28,2025-11-03
36,ORD→PHX,North America,Air,Skyway Cargo,16134,138105.14,93.41,0.634,96.8,46,0.42,2025-11-03
36,PHX→ATL,North America,LTL,Atlas Logistics,23626,115160.73,90.67,0.713,96.22,39,0.28,2025-11-03
36,MAD→MXP,Europe,Truckload,Meridian Carriers,23423,68516.36,89.54,0.751,98.76,46,0.32,2025-11-03
36,MXP→FRA,Europe,LTL,BlueLine Express,40253,177521.51,95.14,0.412,98.55,44,0.28,2025-11-03
36,FRA→MXP,Europe,Air,Skyway Cargo,22132,193133.99,96.75,0.576,99.34,41,0.42,2025-11-03
36,AMS→MAD,Europe,Truckload,Northwind Freight,10049,32996.7,91.6,0.151,96.98,44,0.32,2025-11-03
36,WAW→LHR,Europe,Truckload,Atlas Logistics,24822,83210.44,96.35,0.234,96.32,41,0.32,2025-11-03
36,WAW→FRA,Europe,Intermodal,Pacific Rail Co,13787,30262.56,99.26,0.662,97.66,42,0.18,2025-11-03
36,ICN→DEL,Asia Pacific,Truckload,BlueLine Express,52554,179899.32,99.04,0.445,97.1,39,0.32,2025-11-03
36,DEL→SYD,Asia Pacific,Intermodal,Pacific Rail Co,16945,45146.18,89.55,0.478,96.35,38,0.18,2025-11-03
36,NRT→SYD,Asia Pacific,Intermodal,Pacific Rail Co,42540,95290.97,95.65,0.255,97.12,45,0.18,2025-11-03
36,SIN→SYD,Asia Pacific,LTL,Northwind Freight,26888,142080.16,96.91,0.444,98.43,45,0.28,2025-11-03
36,ICN→SYD,Asia Pacific,Intermodal,Pacific Rail Co,34494,87513.36,92.7,0.482,98.35,43,0.18,2025-11-03
36,SYD→NRT,Asia Pacific,Truckload,Northwind Freight,45108,129352.31,99.27,0.342,97.56,40,0.32,2025-11-03
36,DEL→SIN,Asia Pacific,LTL,Atlas Logistics,18886,93468.24,96.91,0.595,97.43,46,0.28,2025-11-03
36,ICN→SIN,Asia Pacific,Truckload,BlueLine Express,11949,38550.47,92.92,0.674,97.18,47,0.32,2025-11-03
37,LAX→ORD,North America,Truckload,BlueLine Express,18562,60968.64,88.41,0.267,96.31,45,0.32,2025-11-10
37,SEA→ORD,North America,Truckload,Northwind Freight,48472,143320.4,95.57,0.277,98.58,39,0.32,2025-11-10
37,SEA→LAX,North America,LTL,Atlas Logistics,17086,78020.1,95.85,0.305,98.12,44,0.28,2025-11-10
37,EWR→MEM,North America,Truckload,Meridian Carriers,40627,144169,94.67,0.562,99.17,44,0.32,2025-11-10
37,DFW→EWR,North America,LTL,Northwind Freight,16977,78705.04,91.65,0.553,97.41,44,0.28,2025-11-10
37,DFW→LAX,North America,LTL,Atlas Logistics,38174,178697.27,92.98,0.247,96.7,42,0.28,2025-11-10
37,ORD→PHX,North America,Air,Skyway Cargo,15070,132001.22,91.55,0.598,99.3,44,0.42,2025-11-10
37,PHX→ATL,North America,LTL,Atlas Logistics,21509,104669.08,92.09,0.742,99.18,42,0.28,2025-11-10
37,MAD→MXP,Europe,Truckload,Meridian Carriers,19252,59509.31,89.22,0.651,97.93,41,0.32,2025-11-10
37,MXP→FRA,Europe,LTL,BlueLine Express,41808,188017.1,96.48,0.375,99.45,44,0.28,2025-11-10
37,FRA→MXP,Europe,Air,Skyway Cargo,22466,204076.51,98.98,0.532,99.43,41,0.42,2025-11-10
37,AMS→MAD,Europe,Truckload,Northwind Freight,9488,30459.94,89.53,0.224,96.53,45,0.32,2025-11-10
37,WAW→LHR,Europe,Truckload,Atlas Logistics,25564,85355.27,95.11,0.189,96.97,44,0.32,2025-11-10
37,WAW→FRA,Europe,Intermodal,Pacific Rail Co,14621,32343.2,97.56,0.531,96.38,43,0.18,2025-11-10
37,ICN→DEL,Asia Pacific,Truckload,BlueLine Express,49379,165415.25,96.14,0.45,99.14,43,0.32,2025-11-10
37,DEL→SYD,Asia Pacific,Intermodal,Pacific Rail Co,17150,45979.18,91.12,0.394,98.9,38,0.18,2025-11-10
37,NRT→SYD,Asia Pacific,Intermodal,Pacific Rail Co,47935,105797.93,95.39,0.308,96.26,43,0.18,2025-11-10
37,SIN→SYD,Asia Pacific,LTL,Northwind Freight,25150,128095.68,93.96,0.408,96.67,45,0.28,2025-11-10
37,ICN→SYD,Asia Pacific,Intermodal,Pacific Rail Co,37693,90523.23,92.74,0.385,99.07,40,0.18,2025-11-10
37,SYD→NRT,Asia Pacific,Truckload,Northwind Freight,47474,132625.39,99.45,0.241,97.44,41,0.32,2025-11-10
37,DEL→SIN,Asia Pacific,LTL,Atlas Logistics,21174,103359.54,94.65,0.543,97.81,40,0.28,2025-11-10
37,ICN→SIN,Asia Pacific,Truckload,BlueLine Express,10827,35989.99,90.25,0.579,96.1,40,0.32,2025-11-10
38,LAX→ORD,North America,Truckload,BlueLine Express,16564,52188.46,89.17,0.291,98.82,38,0.32,2025-11-17
38,SEA→ORD,North America,Truckload,Northwind Freight,41239,123590.34,97.93,0.195,97.38,46,0.32,2025-11-17
38,SEA→LAX,North America,LTL,Atlas Logistics,17391,76500,96.13,0.258,98.94,40,0.28,2025-11-17
38,EWR→MEM,North America,Truckload,Meridian Carriers,40347,141460.12,94.73,0.577,99.37,44,0.32,2025-11-17
38,DFW→EWR,North America,LTL,Northwind Freight,14232,64008.5,89.9,0.503,97,43,0.28,2025-11-17
38,DFW→LAX,North America,LTL,Atlas Logistics,35646,171058.44,92.33,0.276,98.78,45,0.28,2025-11-17
38,ORD→PHX,North America,Air,Skyway Cargo,13924,120654.54,93.63,0.528,99.05,39,0.42,2025-11-17
38,PHX→ATL,North America,LTL,Atlas Logistics,23389,108673.41,91.38,0.607,96.22,43,0.28,2025-11-17
38,MAD→MXP,Europe,Truckload,Meridian Carriers,19570,61414.38,90.93,0.753,99.36,47,0.32,2025-11-17
38,MXP→FRA,Europe,LTL,BlueLine Express,42219,183085.54,95.42,0.395,97.79,43,0.28,2025-11-17
38,FRA→MXP,Europe,Air,Skyway Cargo,19462,175386.58,98.97,0.48,96.95,38,0.42,2025-11-17
38,AMS→MAD,Europe,Truckload,Northwind Freight,10417,32777.33,91.52,0.248,96.44,43,0.32,2025-11-17
38,WAW→LHR,Europe,Truckload,Atlas Logistics,26692,89059.13,94.47,0.248,96.58,45,0.32,2025-11-17
38,WAW→FRA,Europe,Intermodal,Pacific Rail Co,12143,27310.1,96.83,0.55,97.66,38,0.18,2025-11-17
38,ICN→DEL,Asia Pacific,Truckload,BlueLine Express,46874,161797.82,95.98,0.332,96.21,42,0.32,2025-11-17
38,DEL→SYD,Asia Pacific,Intermodal,Pacific Rail Co,15201,39121.34,91.09,0.428,97.71,44,0.18,2025-11-17
38,NRT→SYD,Asia Pacific,Intermodal,Pacific Rail Co,43108,95982.66,98.75,0.201,99,42,0.18,2025-11-17
38,SIN→SYD,Asia Pacific,LTL,Northwind Freight,22949,115728.39,96.75,0.319,98.15,47,0.28,2025-11-17
38,ICN→SYD,Asia Pacific,Intermodal,Pacific Rail Co,32054,78559.66,92.09,0.451,97.7,45,0.18,2025-11-17
38,SYD→NRT,Asia Pacific,Truckload,Northwind Freight,40925,114465.24,97.22,0.253,98.26,41,0.32,2025-11-17
38,DEL→SIN,Asia Pacific,LTL,Atlas Logistics,17445,85523.97,97.33,0.531,99.15,38,0.28,2025-11-17
38,ICN→SIN,Asia Pacific,Truckload,BlueLine Express,11024,36120.57,92.31,0.68,98.22,41,0.32,2025-11-17
39,LAX→ORD,North America,Truckload,BlueLine Express,17629,57369,88.1,0.285,96.68,38,0.32,2025-11-24
39,SEA→ORD,North America,Truckload,Northwind Freight,41815,120402.18,94.39,0.176,98.43,42,0.32,2025-11-24
39,SEA→LAX,North America,LTL,Atlas Logistics,17434,76288.48,96.06,0.23,98.2,41,0.28,2025-11-24
39,EWR→MEM,North America,Truckload,Meridian Carriers,38330,126454.37,92.43,0.607,98.15,45,0.32,2025-11-24
39,DFW→EWR,North America,LTL,Northwind Freight,14971,67967.81,90.55,0.523,98.5,43,0.28,2025-11-24
39,DFW→LAX,North America,LTL,Atlas Logistics,36483,168644.71,93.96,0.242,98.01,40,0.28,2025-11-24
39,ORD→PHX,North America,Air,Skyway Cargo,13415,120127.63,93.96,0.569,98.57,42,0.42,2025-11-24
39,PHX→ATL,North America,LTL,Atlas Logistics,22346,108955.14,91.57,0.595,97.4,46,0.28,2025-11-24
39,MAD→MXP,Europe,Truckload,Meridian Carriers,21719,66940.94,89.96,0.667,96.84,38,0.32,2025-11-24
39,MXP→FRA,Europe,LTL,BlueLine Express,43301,188607.61,94.58,0.468,96.44,40,0.28,2025-11-24
39,FRA→MXP,Europe,Air,Skyway Cargo,22167,198377.7,95.43,0.515,97.67,45,0.42,2025-11-24
39,AMS→MAD,Europe,Truckload,Northwind Freight,9331,29520.24,91.3,0.17,98.91,41,0.32,2025-11-24
39,WAW→LHR,Europe,Truckload,Atlas Logistics,22322,76528.95,94.47,0.205,98.64,40,0.32,2025-11-24
39,WAW→FRA,Europe,Intermodal,Pacific Rail Co,13531,31086.71,95.97,0.536,99.42,42,0.18,2025-11-24
39,ICN→DEL,Asia Pacific,Truckload,BlueLine Express,46725,156961.85,97.23,0.35,96.68,40,0.32,2025-11-24
39,DEL→SYD,Asia Pacific,Intermodal,Pacific Rail Co,17248,43592.7,91.48,0.492,98.69,45,0.18,2025-11-24
39,NRT→SYD,Asia Pacific,Intermodal,Pacific Rail Co,45995,103161.09,98.43,0.3,97.52,46,0.18,2025-11-24
39,SIN→SYD,Asia Pacific,LTL,Northwind Freight,25883,134252.2,96.51,0.426,96.76,42,0.28,2025-11-24
39,ICN→SYD,Asia Pacific,Intermodal,Pacific Rail Co,31841,76848.51,92.86,0.401,96.44,41,0.18,2025-11-24
39,SYD→NRT,Asia Pacific,Truckload,Northwind Freight,45922,130648.78,98.65,0.284,99.28,41,0.32,2025-11-24
39,DEL→SIN,Asia Pacific,LTL,Atlas Logistics,20575,101293.67,96.66,0.539,97.38,46,0.28,2025-11-24
39,ICN→SIN,Asia Pacific,Truckload,BlueLine Express,10371,35108.31,91.47,0.67,99.12,45,0.32,2025-11-24
40,LAX→ORD,North America,Truckload,BlueLine Express,17542,59325.61,91.28,0.251,97.93,44,0.32,2025-12-01
40,SEA→ORD,North America,Truckload,Northwind Freight,47508,142912.53,98.13,0.223,97.99,41,0.32,2025-12-01
40,SEA→LAX,North America,LTL,Atlas Logistics,15954,74105.31,96.25,0.247,98.55,43,0.28,2025-12-01
40,EWR→MEM,North America,Truckload,Meridian Carriers,35364,119324.72,95.72,0.537,97.13,39,0.32,2025-12-01
40,DFW→EWR,North America,LTL,Northwind Freight,15126,68162.91,90.09,0.577,96.86,40,0.28,2025-12-01
40,DFW→LAX,North America,LTL,Atlas Logistics,36094,165782.52,93.35,0.295,99.1,41,0.28,2025-12-01
40,ORD→PHX,North America,Air,Skyway Cargo,15640,135877.31,92.32,0.553,99.02,39,0.42,2025-12-01
40,PHX→ATL,North America,LTL,Atlas Logistics,20225,93144.72,93.43,0.601,96.82,43,0.28,2025-12-01
40,MAD→MXP,Europe,Truckload,Meridian Carriers,19026,56323.11,90.66,0.695,96.83,46,0.32,2025-12-01
40,MXP→FRA,Europe,LTL,BlueLine Express,44939,194427.08,96.19,0.494,97.29,46,0.28,2025-12-01
40,FRA→MXP,Europe,Air,Skyway Cargo,21739,191661.78,99.12,0.455,96.81,44,0.42,2025-12-01
40,AMS→MAD,Europe,Truckload,Northwind Freight,10356,33526.77,91.4,0.19,98.35,40,0.32,2025-12-01
40,WAW→LHR,Europe,Truckload,Atlas Logistics,25315,86554.31,96.68,0.163,99.12,42,0.32,2025-12-01
40,WAW→FRA,Europe,Intermodal,Pacific Rail Co,11741,26526.3,98.65,0.526,99,42,0.18,2025-12-01
40,ICN→DEL,Asia Pacific,Truckload,BlueLine Express,43220,152954.17,95.87,0.336,96.89,39,0.32,2025-12-01
40,DEL→SYD,Asia Pacific,Intermodal,Pacific Rail Co,16002,41456.66,90.22,0.374,98.68,41,0.18,2025-12-01
40,NRT→SYD,Asia Pacific,Intermodal,Pacific Rail Co,43409,100295.26,95.59,0.292,97.03,39,0.18,2025-12-01
40,SIN→SYD,Asia Pacific,LTL,Northwind Freight,26816,137694.25,96.23,0.451,97.55,44,0.28,2025-12-01
40,ICN→SYD,Asia Pacific,Intermodal,Pacific Rail Co,37426,91926.49,94.02,0.453,98.24,39,0.18,2025-12-01
40,SYD→NRT,Asia Pacific,Truckload,Northwind Freight,45722,135709.2,96.47,0.286,97,41,0.32,2025-12-01
40,DEL→SIN,Asia Pacific,LTL,Atlas Logistics,20435,103004.44,97.74,0.578,99.32,47,0.28,2025-12-01
40,ICN→SIN,Asia Pacific,Truckload,BlueLine Express,11229,37622.21,92.12,0.662,96.68,43,0.32,2025-12-01
41,LAX→ORD,North America,Truckload,BlueLine Express,15705,49283.45,90.82,0.194,99.43,43,0.32,2025-12-08
41,SEA→ORD,North America,Truckload,Northwind Freight,40988,124071.24,94.73,0.251,96.04,39,0.32,2025-12-08
41,SEA→LAX,North America,LTL,Atlas Logistics,15190,69650.74,93.02,0.289,98.81,45,0.28,2025-12-08
41,EWR→MEM,North America,Truckload,Meridian Carriers,34963,120420.25,93.78,0.526,98.4,39,0.32,2025-12-08
41,DFW→EWR,North America,LTL,Northwind Freight,13970,61107.14,89.43,0.571,98.39,44,0.28,2025-12-08
41,DFW→LAX,North America,LTL,Atlas Logistics,34055,154027.64,90.77,0.282,99.25,42,0.28,2025-12-08
41,ORD→PHX,North America,Air,Skyway Cargo,15470,131696.09,91.56,0.655,97.96,45,0.42,2025-12-08
41,PHX→ATL,North America,LTL,Atlas Logistics,24238,116736.75,92.41,0.667,97.18,39,0.28,2025-12-08
41,MAD→MXP,Europe,Truckload,Meridian Carriers,21185,62808.96,92.88,0.614,96.67,43,0.32,2025-12-08
41,MXP→FRA,Europe,LTL,BlueLine Express,40608,179861.29,93.75,0.414,96.74,42,0.28,2025-12-08
41,FRA→MXP,Europe,Air,Skyway Cargo,18891,174171.25,95.64,0.464,97.16,40,0.42,2025-12-08
41,AMS→MAD,Europe,Truckload,Northwind Freight,8875,28177.91,90.34,0.283,97.98,39,0.32,2025-12-08
41,WAW→LHR,Europe,Truckload,Atlas Logistics,22625,74091.13,97.5,0.228,97.92,40,0.32,2025-12-08
41,WAW→FRA,Europe,Intermodal,Pacific Rail Co,13651,32118.51,95.81,0.652,96.15,44,0.18,2025-12-08
41,ICN→DEL,Asia Pacific,Truckload,BlueLine Express,43192,148126.71,98.46,0.453,98.01,43,0.32,2025-12-08
41,DEL→SYD,Asia Pacific,Intermodal,Pacific Rail Co,14177,38558.06,89.87,0.442,98.65,42,0.18,2025-12-08
41,NRT→SYD,Asia Pacific,Intermodal,Pacific Rail Co,39784,91503.47,97.26,0.255,96.81,46,0.18,2025-12-08
41,SIN→SYD,Asia Pacific,LTL,Northwind Freight,26693,135187.15,95.28,0.348,96.85,40,0.28,2025-12-08
41,ICN→SYD,Asia Pacific,Intermodal,Pacific Rail Co,31498,78761.25,92.23,0.423,97.27,39,0.18,2025-12-08
41,SYD→NRT,Asia Pacific,Truckload,Northwind Freight,39566,117692.13,99.48,0.273,96.17,39,0.32,2025-12-08
41,DEL→SIN,Asia Pacific,LTL,Atlas Logistics,17616,87945.65,97.73,0.605,97.17,43,0.28,2025-12-08
41,ICN→SIN,Asia Pacific,Truckload,BlueLine Express,9582,31402.13,92.77,0.673,98.4,43,0.32,2025-12-08
42,LAX→ORD,North America,Truckload,BlueLine Express,16121,53831.63,90.67,0.274,99.4,40,0.32,2025-12-15
42,SEA→ORD,North America,Truckload,Northwind Freight,45856,142131.45,95.66,0.257,99.18,41,0.32,2025-12-15
42,SEA→LAX,North America,LTL,Atlas Logistics,17245,76343.75,95.69,0.246,96.19,39,0.28,2025-12-15
42,EWR→MEM,North America,Truckload,Meridian Carriers,36194,121778.43,95.59,0.491,98,46,0.32,2025-12-15
42,DFW→EWR,North America,LTL,Northwind Freight,14637,67423,89.91,0.52,98.6,39,0.28,2025-12-15
42,DFW→LAX,North America,LTL,Atlas Logistics,39704,187931.5,91.97,0.284,97.93,39,0.28,2025-12-15
42,ORD→PHX,North America,Air,Skyway Cargo,15015,137361.66,90.6,0.649,97.67,47,0.42,2025-12-15
42,PHX→ATL,North America,LTL,Atlas Logistics,22216,108101.62,93.17,0.689,97.62,43,0.28,2025-12-15
42,MAD→MXP,Europe,Truckload,Meridian Carriers,20958,65024.46,91.43,0.617,97.09,42,0.32,2025-12-15
42,MXP→FRA,Europe,LTL,BlueLine Express,39230,175502.88,95.18,0.456,96.52,45,0.28,2025-12-15
42,FRA→MXP,Europe,Air,Skyway Cargo,18721,170417.8,95.48,0.531,98.41,46,0.42,2025-12-15
42,AMS→MAD,Europe,Truckload,Northwind Freight,9215,29385.99,92.23,0.226,96.63,44,0.32,2025-12-15
42,WAW→LHR,Europe,Truckload,Atlas Logistics,25313,86343.51,96.27,0.292,96.36,46,0.32,2025-12-15
42,WAW→FRA,Europe,Intermodal,Pacific Rail Co,13230,30515.72,98.6,0.595,99.03,42,0.18,2025-12-15
42,ICN→DEL,Asia Pacific,Truckload,BlueLine Express,51147,177652.64,98.46,0.447,96.67,42,0.32,2025-12-15
42,DEL→SYD,Asia Pacific,Intermodal,Pacific Rail Co,15179,41457.91,89.58,0.422,97.65,45,0.18,2025-12-15
42,NRT→SYD,Asia Pacific,Intermodal,Pacific Rail Co,45215,102962.57,98.29,0.18,96.58,46,0.18,2025-12-15
42,SIN→SYD,Asia Pacific,LTL,Northwind Freight,25411,129627.5,95.33,0.389,98.41,39,0.28,2025-12-15
42,ICN→SYD,Asia Pacific,Intermodal,Pacific Rail Co,33237,82659.96,93.83,0.413,98.27,38,0.18,2025-12-15
42,SYD→NRT,Asia Pacific,Truckload,Northwind Freight,38020,114509.18,98.14,0.34,97.8,45,0.32,2025-12-15
42,DEL→SIN,Asia Pacific,LTL,Atlas Logistics,18636,90040.8,95.04,0.535,97.09,43,0.28,2025-12-15
42,ICN→SIN,Asia Pacific,Truckload,BlueLine Express,9763,31777.81,92.09,0.669,96.35,39,0.32,2025-12-15
43,LAX→ORD,North America,Truckload,BlueLine Express,15221,51676.54,91.36,0.234,99.18,40,0.32,2025-12-22
43,SEA→ORD,North America,Truckload,Northwind Freight,40106,119796.24,96.68,0.156,96.82,42,0.32,2025-12-22
43,SEA→LAX,North America,LTL,Atlas Logistics,16937,75872.8,96.15,0.297,97.95,41,0.28,2025-12-22
43,EWR→MEM,North America,Truckload,Meridian Carriers,34298,120753.78,95.61,0.508,97.83,45,0.32,2025-12-22
43,DFW→EWR,North America,LTL,Northwind Freight,13246,58308.42,92.1,0.529,97.35,46,0.28,2025-12-22
43,DFW→LAX,North America,LTL,Atlas Logistics,36778,166478.6,90.77,0.369,97.44,41,0.28,2025-12-22
43,ORD→PHX,North America,Air,Skyway Cargo,13599,121712.17,91.77,0.509,99.16,41,0.42,2025-12-22
43,PHX→ATL,North America,LTL,Atlas Logistics,20258,100193.73,93.86,0.659,98.16,45,0.28,2025-12-22
43,MAD→MXP,Europe,Truckload,Meridian Carriers,19826,62892.41,90.18,0.654,98.48,45,0.32,2025-12-22
43,MXP→FRA,Europe,LTL,BlueLine Express,44055,199015.23,96.71,0.433,98.23,46,0.28,2025-12-22
43,FRA→MXP,Europe,Air,Skyway Cargo,19235,178759.97,96.27,0.54,97.38,46,0.42,2025-12-22
43,AMS→MAD,Europe,Truckload,Northwind Freight,9553,31148.72,89.13,0.218,97.29,44,0.32,2025-12-22
43,WAW→LHR,Europe,Truckload,Atlas Logistics,20946,71772.06,97.91,0.234,98.53,38,0.32,2025-12-22
43,WAW→FRA,Europe,Intermodal,Pacific Rail Co,12644,30287.11,98.88,0.608,96.15,40,0.18,2025-12-22
43,ICN→DEL,Asia Pacific,Truckload,BlueLine Express,46179,168333.53,98.7,0.406,97.82,44,0.32,2025-12-22
43,DEL→SYD,Asia Pacific,Intermodal,Pacific Rail Co,14323,38178.16,88.67,0.478,99.43,40,0.18,2025-12-22
43,NRT→SYD,Asia Pacific,Intermodal,Pacific Rail Co,44880,105266.41,97.92,0.304,98.7,39,0.18,2025-12-22
43,SIN→SYD,Asia Pacific,LTL,Northwind Freight,22016,113396.16,94.72,0.394,99.06,40,0.28,2025-12-22
43,ICN→SYD,Asia Pacific,Intermodal,Pacific Rail Co,34548,89985.55,94.65,0.462,99.18,38,0.18,2025-12-22
43,SYD→NRT,Asia Pacific,Truckload,Northwind Freight,41738,119573.17,96.65,0.323,98.13,40,0.32,2025-12-22
43,DEL→SIN,Asia Pacific,LTL,Atlas Logistics,16868,87003.41,96.86,0.571,97.05,41,0.28,2025-12-22
43,ICN→SIN,Asia Pacific,Truckload,BlueLine Express,10270,33439.24,92.53,0.648,98.98,42,0.32,2025-12-22
44,LAX→ORD,North America,Truckload,BlueLine Express,16870,57836.66,88.53,0.214,97.21,39,0.32,2025-12-29
44,SEA→ORD,North America,Truckload,Northwind Freight,44898,138158.85,97.71,0.221,99.06,44,0.32,2025-12-29
44,SEA→LAX,North America,LTL,Atlas Logistics,14978,68943.83,92.74,0.33,98.78,42,0.28,2025-12-29
44,EWR→MEM,North America,Truckload,Meridian Carriers,33276,111884.78,93.68,0.623,97.29,44,0.32,2025-12-29
44,DFW→EWR,North America,LTL,Northwind Freight,14995,66977.23,90.21,0.52,96.35,46,0.28,2025-12-29
44,DFW→LAX,North America,LTL,Atlas Logistics,35624,166431.22,91.81,0.236,96.76,46,0.28,2025-12-29
44,ORD→PHX,North America,Air,Skyway Cargo,13245,118992.48,90.18,0.585,99.48,39,0.42,2025-12-29
44,PHX→ATL,North America,LTL,Atlas Logistics,23153,112889.84,93.74,0.738,97.69,47,0.28,2025-12-29
44,MAD→MXP,Europe,Truckload,Meridian Carriers,20046,63989.44,89.67,0.73,97.94,45,0.32,2025-12-29
44,MXP→FRA,Europe,LTL,BlueLine Express,39607,179640.05,96.04,0.479,96.18,39,0.28,2025-12-29
44,FRA→MXP,Europe,Air,Skyway Cargo,18334,165948.8,99,0.472,97.57,41,0.42,2025-12-29
44,AMS→MAD,Europe,Truckload,Northwind Freight,9296,31757.27,91.44,0.242,98.55,45,0.32,2025-12-29
44,WAW→LHR,Europe,Truckload,Atlas Logistics,22799,74640.58,95.01,0.208,96.58,44,0.32,2025-12-29
44,WAW→FRA,Europe,Intermodal,Pacific Rail Co,11636,26219.51,95.83,0.575,98.5,44,0.18,2025-12-29
44,ICN→DEL,Asia Pacific,Truckload,BlueLine Express,50041,171601.3,99.5,0.384,97.3,40,0.32,2025-12-29
44,DEL→SYD,Asia Pacific,Intermodal,Pacific Rail Co,15456,40933.53,91.18,0.398,98.57,41,0.18,2025-12-29
44,NRT→SYD,Asia Pacific,Intermodal,Pacific Rail Co,40998,90905.32,97.43,0.194,98.54,43,0.18,2025-12-29
44,SIN→SYD,Asia Pacific,LTL,Northwind Freight,23272,124683.64,95.83,0.36,96.95,45,0.28,2025-12-29
44,ICN→SYD,Asia Pacific,Intermodal,Pacific Rail Co,32381,82042.58,93.56,0.362,98.82,45,0.18,2025-12-29
44,SYD→NRT,Asia Pacific,Truckload,Northwind Freight,42911,130746.49,98.86,0.27,98.35,43,0.32,2025-12-29
44,DEL→SIN,Asia Pacific,LTL,Atlas Logistics,17736,86649.48,93.85,0.586,99.29,40,0.28,2025-12-29
44,ICN→SIN,Asia Pacific,Truckload,BlueLine Express,10125,33711.54,91.55,0.66,96.3,39,0.32,2025-12-29
45,LAX→ORD,North America,Truckload,BlueLine Express,16268,52620.22,89.05,0.309,96.42,43,0.32,2026-01-05
45,SEA→ORD,North America,Truckload,Northwind Freight,39700,117152.24,97.31,0.199,97.71,44,0.32,2026-01-05
45,SEA→LAX,North America,LTL,Atlas Logistics,16774,75254.04,95.08,0.243,97.08,40,0.28,2026-01-05
45,EWR→MEM,North America,Truckload,Meridian Carriers,35353,122286.92,93.49,0.496,96.84,39,0.32,2026-01-05
45,DFW→EWR,North America,LTL,Northwind Freight,13675,63290.61,92.06,0.592,98.73,43,0.28,2026-01-05
45,DFW→LAX,North America,LTL,Atlas Logistics,33646,154784.87,92.99,0.365,99.4,44,0.28,2026-01-05
45,ORD→PHX,North America,Air,Skyway Cargo,14188,131343.21,93.99,0.579,97.17,38,0.42,2026-01-05
45,PHX→ATL,North America,LTL,Atlas Logistics,23160,114253.79,94.11,0.62,98.57,44,0.28,2026-01-05
45,MAD→MXP,Europe,Truckload,Meridian Carriers,19957,59824.93,92.12,0.737,97.7,46,0.32,2026-01-05
45,MXP→FRA,Europe,LTL,BlueLine Express,43293,191954.34,93.72,0.419,98.23,46,0.28,2026-01-05
45,FRA→MXP,Europe,Air,Skyway Cargo,17237,157331.66,96.92,0.458,96.12,43,0.42,2026-01-05
45,AMS→MAD,Europe,Truckload,Northwind Freight,9891,34093.99,90.66,0.286,97.86,46,0.32,2026-01-05
45,WAW→LHR,Europe,Truckload,Atlas Logistics,21000,73569.53,95.07,0.251,97.97,41,0.32,2026-01-05
45,WAW→FRA,Europe,Intermodal,Pacific Rail Co,11147,25466.3,95.75,0.539,97.36,44,0.18,2026-01-05
45,ICN→DEL,Asia Pacific,Truckload,BlueLine Express,45443,162867.87,97.97,0.351,98.69,45,0.32,2026-01-05
45,DEL→SYD,Asia Pacific,Intermodal,Pacific Rail Co,15226,40218.4,89.59,0.457,97.4,38,0.18,2026-01-05
45,NRT→SYD,Asia Pacific,Intermodal,Pacific Rail Co,42877,98274.32,99.01,0.229,98.5,41,0.18,2026-01-05
45,SIN→SYD,Asia Pacific,LTL,Northwind Freight,23454,126392.84,94.47,0.419,96.14,44,0.28,2026-01-05
45,ICN→SYD,Asia Pacific,Intermodal,Pacific Rail Co,30606,79825.74,94.57,0.402,97.31,43,0.18,2026-01-05
45,SYD→NRT,Asia Pacific,Truckload,Northwind Freight,39269,112368.34,96.24,0.349,97.94,44,0.32,2026-01-05
45,DEL→SIN,Asia Pacific,LTL,Atlas Logistics,17541,89049.3,95.72,0.651,96.2,42,0.28,2026-01-05
45,ICN→SIN,Asia Pacific,Truckload,BlueLine Express,9731,32373.83,92.01,0.589,98.14,40,0.32,2026-01-05
46,LAX→ORD,North America,Truckload,BlueLine Express,19891,66382.6,89.48,0.168,98.16,48,0.32,2026-01-12
46,SEA→ORD,North America,Truckload,Northwind Freight,55494,167229.88,96.16,0.178,96.44,48,0.32,2026-01-12
46,SEA→LAX,North America,LTL,Atlas Logistics,20766,97183.68,93.74,0.273,97.7,43,0.28,2026-01-12
46,EWR→MEM,North America,Truckload,Meridian Carriers,44699,155716.02,93.14,0.601,97.58,49,0.32,2026-01-12
46,DFW→EWR,North America,LTL,Northwind Freight,17804,79031.44,91.22,0.547,99.37,48,0.28,2026-01-12
46,DFW→LAX,North America,LTL,Atlas Logistics,45996,210681.86,91.67,0.326,97.59,46,0.28,2026-01-12
46,ORD→PHX,North America,Air,Skyway Cargo,15333,138902.1,93.4,0.58,97.15,43,0.42,2026-01-12
46,PHX→ATL,North America,LTL,Atlas Logistics,24596,120953.08,92.22,0.714,96.65,43,0.28,2026-01-12
46,MAD→MXP,Europe,Truckload,Meridian Carriers,24319,78599.72,92.47,0.654,98.25,41,0.32,2026-01-12
46,MXP→FRA,Europe,LTL,BlueLine Express,47607,225692.49,93.47,0.397,96.58,43,0.28,2026-01-12
46,FRA→MXP,Europe,Air,Skyway Cargo,24044,226778.55,97.14,0.583,97.22,47,0.42,2026-01-12
46,AMS→MAD,Europe,Truckload,Northwind Freight,11891,39257.55,91.84,0.247,97.59,41,0.32,2026-01-12
46,WAW→LHR,Europe,Truckload,Atlas Logistics,28441,94470.7,95.81,0.26,96.16,45,0.32,2026-01-12
46,WAW→FRA,Europe,Intermodal,Pacific Rail Co,15569,37078.69,97.56,0.583,96.29,41,0.18,2026-01-12
46,ICN→DEL,Asia Pacific,Truckload,BlueLine Express,53702,187929.21,98.62,0.422,96.09,46,0.32,2026-01-12
46,DEL→SYD,Asia Pacific,Intermodal,Pacific Rail Co,19392,53251.67,91.14,0.427,97.65,47,0.18,2026-01-12
46,NRT→SYD,Asia Pacific,Intermodal,Pacific Rail Co,51270,114999.74,98.47,0.188,97.5,49,0.18,2026-01-12
46,SIN→SYD,Asia Pacific,LTL,Northwind Freight,29410,158703.41,93.9,0.367,99.28,49,0.28,2026-01-12
46,ICN→SYD,Asia Pacific,Intermodal,Pacific Rail Co,38319,93508.33,93.19,0.391,96.58,43,0.18,2026-01-12
46,SYD→NRT,Asia Pacific,Truckload,Northwind Freight,45224,129510.54,99.31,0.273,97.42,48,0.32,2026-01-12
46,DEL→SIN,Asia Pacific,LTL,Atlas Logistics,22139,110885.87,94.67,0.624,99.19,45,0.28,2026-01-12
46,ICN→SIN,Asia Pacific,Truckload,BlueLine Express,12607,42085.69,91.8,0.604,99.19,45,0.32,2026-01-12
47,LAX→ORD,North America,Truckload,BlueLine Express,19318,66299.82,90.81,0.273,98.89,47,0.32,2026-01-19
47,SEA→ORD,North America,Truckload,Northwind Freight,52107,165198.02,96.88,0.182,97.96,47,0.32,2026-01-19
47,SEA→LAX,North America,LTL,Atlas Logistics,20478,94903.53,95.58,0.247,98.88,44,0.28,2026-01-19
47,EWR→MEM,North America,Truckload,Meridian Carriers,42623,153606.59,93.73,0.53,99.37,45,0.32,2026-01-19
47,DFW→EWR,North America,LTL,Northwind Freight,18428,83907.86,91.28,0.572,97.9,50,0.28,2026-01-19
47,DFW→LAX,North America,LTL,Atlas Logistics,45258,219641.89,92.08,0.283,97.29,46,0.28,2026-01-19
47,ORD→PHX,North America,Air,Skyway Cargo,16692,150770.75,93.19,0.596,97.15,47,0.42,2026-01-19
47,PHX→ATL,North America,LTL,Atlas Logistics,27814,141583.42,92.15,0.65,99.46,49,0.28,2026-01-19
47,MAD→MXP,Europe,Truckload,Meridian Carriers,22577,69237.29,89.53,0.643,99.07,42,0.32,2026-01-19
47,MXP→FRA,Europe,LTL,BlueLine Express,44370,210904.4,96.36,0.484,96.76,47,0.28,2026-01-19
47,FRA→MXP,Europe,Air,Skyway Cargo,22152,208055.29,95.54,0.554,97.33,43,0.42,2026-01-19
47,AMS→MAD,Europe,Truckload,Northwind Freight,11824,39428.12,90.02,0.212,98.77,44,0.32,2026-01-19
47,WAW→LHR,Europe,Truckload,Atlas Logistics,26224,90478.85,96.29,0.279,96.96,46,0.32,2026-01-19
47,WAW→FRA,Europe,Intermodal,Pacific Rail Co,13495,31361.02,97.2,0.573,96.19,49,0.18,2026-01-19
47,ICN→DEL,Asia Pacific,Truckload,BlueLine Express,55479,204797.91,96.67,0.374,99.44,45,0.32,2026-01-19
47,DEL→SYD,Asia Pacific,Intermodal,Pacific Rail Co,19186,51075.02,90.99,0.371,99.01,45,0.18,2026-01-19
47,NRT→SYD,Asia Pacific,Intermodal,Pacific Rail Co,46089,104144.48,97.67,0.308,96.8,48,0.18,2026-01-19
47,SIN→SYD,Asia Pacific,LTL,Northwind Freight,27919,150700.34,94.57,0.363,98.91,47,0.28,2026-01-19
47,ICN→SYD,Asia Pacific,Intermodal,Pacific Rail Co,40133,106000.06,92.04,0.375,98.73,46,0.18,2026-01-19
47,SYD→NRT,Asia Pacific,Truckload,Northwind Freight,52320,156663.76,98.8,0.229,99.34,43,0.32,2026-01-19
47,DEL→SIN,Asia Pacific,LTL,Atlas Logistics,20781,109121.2,96.37,0.512,98.7,44,0.28,2026-01-19
47,ICN→SIN,Asia Pacific,Truckload,BlueLine Express,11690,39735.42,90.29,0.666,98.63,43,0.32,2026-01-19
48,LAX→ORD,North America,Truckload,BlueLine Express,18205,62162.53,85.2,0.263,99.22,43,0.32,2026-01-26
48,SEA→ORD,North America,Truckload,Northwind Freight,54782,164433.56,93.4,0.29,97.81,46,0.32,2026-01-26
48,SEA→LAX,North America,LTL,Atlas Logistics,18482,84519.84,91.54,0.3,96.93,45,0.28,2026-01-26
48,EWR→MEM,North America,Truckload,Meridian Carriers,38898,134517.61,90.66,0.532,97.16,42,0.32,2026-01-26
48,DFW→EWR,North America,LTL,Northwind Freight,17500,84146.8,88,0.635,97,43,0.28,2026-01-26
48,DFW→LAX,North America,LTL,Atlas Logistics,43935,205009.17,89.21,0.23,99.1,42,0.28,2026-01-26
48,ORD→PHX,North America,Air,Skyway Cargo,16848,151001.77,89.51,0.583,97.79,41,0.42,2026-01-26
48,PHX→ATL,North America,LTL,Atlas Logistics,24022,118985.1,91.17,0.683,96.96,42,0.28,2026-01-26
48,MAD→MXP,Europe,Truckload,Meridian Carriers,23799,77675.94,88.73,0.632,99.43,43,0.32,2026-01-26
48,MXP→FRA,Europe,LTL,BlueLine Express,44112,196681.9,90.54,0.454,97.15,43,0.28,2026-01-26
48,FRA→MXP,Europe,Air,Skyway Cargo,24232,237630.73,95.9,0.556,96.56,46,0.42,2026-01-26
48,AMS→MAD,Europe,Truckload,Northwind Freight,11616,39015.5,86.91,0.174,96.53,46,0.32,2026-01-26
48,WAW→LHR,Europe,Truckload,Atlas Logistics,28755,100366.87,93.66,0.26,96.61,42,0.32,2026-01-26
48,WAW→FRA,Europe,Intermodal,Pacific Rail Co,13524,32083.18,94.22,0.564,99.07,45,0.18,2026-01-26
48,ICN→DEL,Asia Pacific,Truckload,BlueLine Express,51079,186687.74,96.44,0.426,97.62,43,0.32,2026-01-26
48,DEL→SYD,Asia Pacific,Intermodal,Pacific Rail Co,16510,45879.14,86.6,0.395,99.14,50,0.18,2026-01-26
48,NRT→SYD,Asia Pacific,Intermodal,Pacific Rail Co,48142,110582.3,92.44,0.209,96.81,42,0.18,2026-01-26
48,SIN→SYD,Asia Pacific,LTL,Northwind Freight,27409,145600.65,92.97,0.416,99.45,47,0.28,2026-01-26
48,ICN→SYD,Asia Pacific,Intermodal,Pacific Rail Co,41200,108151.65,92.26,0.462,97.03,47,0.18,2026-01-26
48,SYD→NRT,Asia Pacific,Truckload,Northwind Freight,51192,153717.95,96.88,0.303,96.47,44,0.32,2026-01-26
48,DEL→SIN,Asia Pacific,LTL,Atlas Logistics,22795,119777.61,92.3,0.646,96.59,50,0.28,2026-01-26
48,ICN→SIN,Asia Pacific,Truckload,BlueLine Express,11529,40459.03,86.65,0.658,96,45,0.32,2026-01-26
49,LAX→ORD,North America,Truckload,BlueLine Express,20291,70635.67,88.47,0.215,97.86,41,0.32,2026-02-02
49,SEA→ORD,North America,Truckload,Northwind Freight,48930,153896.5,93.32,0.263,96.99,45,0.32,2026-02-02
49,SEA→LAX,North America,LTL,Atlas Logistics,18268,85219.05,89.68,0.223,97.44,42,0.28,2026-02-02
49,EWR→MEM,North America,Truckload,Meridian Carriers,41947,151475,89.72,0.586,97.51,45,0.32,2026-02-02
49,DFW→EWR,North America,LTL,Northwind Freight,17685,81738.54,89.19,0.525,98.47,48,0.28,2026-02-02
49,DFW→LAX,North America,LTL,Atlas Logistics,41659,197312.79,90.53,0.359,97.75,43,0.28,2026-02-02
49,ORD→PHX,North America,Air,Skyway Cargo,14676,136287.32,89.9,0.619,99.08,42,0.42,2026-02-02
49,PHX→ATL,North America,LTL,Atlas Logistics,25360,124701.13,89.88,0.689,96.18,45,0.28,2026-02-02
49,MAD→MXP,Europe,Truckload,Meridian Carriers,21583,70701.55,86.62,0.624,99.49,42,0.32,2026-02-02
49,MXP→FRA,Europe,LTL,BlueLine Express,45997,214702.08,91.49,0.386,97.5,44,0.28,2026-02-02
49,FRA→MXP,Europe,Air,Skyway Cargo,24050,234940.18,94.09,0.457,97.29,48,0.42,2026-02-02
49,AMS→MAD,Europe,Truckload,Northwind Freight,11846,38993.7,86.29,0.225,98.8,47,0.32,2026-02-02
49,WAW→LHR,Europe,Truckload,Atlas Logistics,26328,88583.24,93.38,0.21,97.82,50,0.32,2026-02-02
49,WAW→FRA,Europe,Intermodal,Pacific Rail Co,16130,38468.12,93.99,0.666,98.67,45,0.18,2026-02-02
49,ICN→DEL,Asia Pacific,Truckload,BlueLine Express,52984,195498.97,92.96,0.401,96.87,42,0.32,2026-02-02
49,DEL→SYD,Asia Pacific,Intermodal,Pacific Rail Co,18626,48561.02,85.51,0.486,97.72,46,0.18,2026-02-02
49,NRT→SYD,Asia Pacific,Intermodal,Pacific Rail Co,51785,124094.35,93.89,0.217,99.3,43,0.18,2026-02-02
49,SIN→SYD,Asia Pacific,LTL,Northwind Freight,26213,144467.31,92.97,0.334,98.14,43,0.28,2026-02-02
49,ICN→SYD,Asia Pacific,Intermodal,Pacific Rail Co,39916,99568.14,89.88,0.389,97.71,47,0.18,2026-02-02
49,SYD→NRT,Asia Pacific,Truckload,Northwind Freight,44541,129992.62,94.71,0.348,97.24,49,0.32,2026-02-02
49,DEL→SIN,Asia Pacific,LTL,Atlas Logistics,21997,116304.13,93.37,0.611,97.38,43,0.28,2026-02-02
49,ICN→SIN,Asia Pacific,Truckload,BlueLine Express,11567,40081.05,87.53,0.671,98.39,47,0.32,2026-02-02
50,LAX→ORD,North America,Truckload,BlueLine Express,19426,63607.84,86.38,0.174,99.41,44,0.32,2026-02-09
50,SEA→ORD,North America,Truckload,Northwind Freight,53680,169480.14,94.45,0.271,97.3,44,0.32,2026-02-09
50,SEA→LAX,North America,LTL,Atlas Logistics,19504,92939.76,92.34,0.345,98.47,45,0.28,2026-02-09
50,EWR→MEM,North America,Truckload,Meridian Carriers,42506,145859.57,92.4,0.497,97.05,41,0.32,2026-02-09
50,DFW→EWR,North America,LTL,Northwind Freight,18441,89169.7,86.09,0.562,96.51,44,0.28,2026-02-09
50,DFW→LAX,North America,LTL,Atlas Logistics,38521,187188.86,90.78,0.327,97.51,50,0.28,2026-02-09
50,ORD→PHX,North America,Air,Skyway Cargo,17491,161178.02,89.21,0.61,99.33,42,0.42,2026-02-09
50,PHX→ATL,North America,LTL,Atlas Logistics,25276,126990.49,88.32,0.607,96.68,45,0.28,2026-02-09
50,MAD→MXP,Europe,Truckload,Meridian Carriers,23411,73839.87,88.59,0.639,99.34,41,0.32,2026-02-09
50,MXP→FRA,Europe,LTL,BlueLine Express,49792,225624.78,90.33,0.507,97.02,47,0.28,2026-02-09
50,FRA→MXP,Europe,Air,Skyway Cargo,23786,233121.75,94.07,0.445,97.07,47,0.42,2026-02-09
50,AMS→MAD,Europe,Truckload,Northwind Freight,11018,37853.34,88.22,0.234,96.44,50,0.32,2026-02-09
50,WAW→LHR,Europe,Truckload,Atlas Logistics,25468,90444.9,94.73,0.273,96.44,46,0.32,2026-02-09
50,WAW→FRA,Europe,Intermodal,Pacific Rail Co,13707,32101.95,92.74,0.644,97.28,45,0.18,2026-02-09
50,ICN→DEL,Asia Pacific,Truckload,BlueLine Express,58785,209951.91,93.31,0.394,96.75,45,0.32,2026-02-09
50,DEL→SYD,Asia Pacific,Intermodal,Pacific Rail Co,18035,50194.18,89.02,0.403,97.19,44,0.18,2026-02-09
50,NRT→SYD,Asia Pacific,Intermodal,Pacific Rail Co,51445,115435.31,94.82,0.261,98.55,44,0.18,2026-02-09
50,SIN→SYD,Asia Pacific,LTL,Northwind Freight,25318,134224.57,90.8,0.377,97.09,44,0.28,2026-02-09
50,ICN→SYD,Asia Pacific,Intermodal,Pacific Rail Co,40706,100972.62,91.59,0.382,99.08,47,0.18,2026-02-09
50,SYD→NRT,Asia Pacific,Truckload,Northwind Freight,51518,154273.54,96.7,0.321,98.78,50,0.32,2026-02-09
50,DEL→SIN,Asia Pacific,LTL,Atlas Logistics,19880,103303.69,94.49,0.547,96.26,45,0.28,2026-02-09
50,ICN→SIN,Asia Pacific,Truckload,BlueLine Express,12762,43827.07,87.35,0.682,97.53,43,0.32,2026-02-09
51,LAX→ORD,North America,Truckload,BlueLine Express,17627,59961.22,88.25,0.168,96.18,42,0.32,2026-02-16
51,SEA→ORD,North America,Truckload,Northwind Freight,52216,158935.91,94.95,0.267,96.78,41,0.32,2026-02-16
51,SEA→LAX,North America,LTL,Atlas Logistics,19341,91793.56,90.14,0.312,99.19,47,0.28,2026-02-16
51,EWR→MEM,North America,Truckload,Meridian Carriers,44203,159535.35,92.61,0.491,99.2,49,0.32,2026-02-16
51,DFW→EWR,North America,LTL,Northwind Freight,18526,84561.96,88.06,0.622,96.47,41,0.28,2026-02-16
51,DFW→LAX,North America,LTL,Atlas Logistics,41957,207844.16,89.18,0.306,96.09,46,0.28,2026-02-16
51,ORD→PHX,North America,Air,Skyway Cargo,17795,163875.76,88.33,0.591,99.28,47,0.42,2026-02-16
51,PHX→ATL,North America,LTL,Atlas Logistics,23418,112332.35,88.49,0.686,98.83,48,0.28,2026-02-16
51,MAD→MXP,Europe,Truckload,Meridian Carriers,24680,75573.97,85.99,0.716,98.12,42,0.32,2026-02-16
51,MXP→FRA,Europe,LTL,BlueLine Express,44967,206666.58,93.46,0.389,99.26,46,0.28,2026-02-16
51,FRA→MXP,Europe,Air,Skyway Cargo,21061,208055.96,92.5,0.471,98.2,50,0.42,2026-02-16
51,AMS→MAD,Europe,Truckload,Northwind Freight,10697,37730.98,88.59,0.277,99.23,48,0.32,2026-02-16
51,WAW→LHR,Europe,Truckload,Atlas Logistics,26684,92425.69,91.4,0.218,98.66,47,0.32,2026-02-16
51,WAW→FRA,Europe,Intermodal,Pacific Rail Co,14651,34283.98,94.8,0.662,97.79,44,0.18,2026-02-16
51,ICN→DEL,Asia Pacific,Truckload,BlueLine Express,54111,200784.84,96.41,0.413,97.33,48,0.32,2026-02-16
51,DEL→SYD,Asia Pacific,Intermodal,Pacific Rail Co,18098,50660.03,87.91,0.374,97.59,41,0.18,2026-02-16
51,NRT→SYD,Asia Pacific,Intermodal,Pacific Rail Co,52969,118435.94,95.08,0.193,98.58,45,0.18,2026-02-16
51,SIN→SYD,Asia Pacific,LTL,Northwind Freight,27706,147602.59,93.21,0.32,97.69,47,0.28,2026-02-16
51,ICN→SYD,Asia Pacific,Intermodal,Pacific Rail Co,40183,103037.11,91.06,0.416,99.34,48,0.18,2026-02-16
51,SYD→NRT,Asia Pacific,Truckload,Northwind Freight,52444,161831.68,93.76,0.285,97.58,47,0.32,2026-02-16
51,DEL→SIN,Asia Pacific,LTL,Atlas Logistics,22350,116333.24,94.02,0.531,99.12,50,0.28,2026-02-16
51,ICN→SIN,Asia Pacific,Truckload,BlueLine Express,12493,44082.91,90.45,0.578,98.91,42,0.32,2026-02-16
52,LAX→ORD,North America,Truckload,BlueLine Express,17543,61441.09,85.89,0.285,96.86,41,0.32,2026-02-23
52,SEA→ORD,North America,Truckload,Northwind Freight,48036,150574.79,92.31,0.273,96.37,47,0.32,2026-02-23
52,SEA→LAX,North America,LTL,Atlas Logistics,20532,97812.49,89.73,0.222,97.61,46,0.28,2026-02-23
52,EWR→MEM,North America,Truckload,Meridian Carriers,40508,148441.07,91.28,0.627,98.63,46,0.32,2026-02-23
52,DFW→EWR,North America,LTL,Northwind Freight,17724,81839.51,88.45,0.597,97.24,42,0.28,2026-02-23
52,DFW→LAX,North America,LTL,Atlas Logistics,43802,214768.05,90.48,0.286,98.92,49,0.28,2026-02-23
52,ORD→PHX,North America,Air,Skyway Cargo,15500,147519.72,90.46,0.641,97.87,49,0.42,2026-02-23
52,PHX→ATL,North America,LTL,Atlas Logistics,24473,119787.89,87.55,0.67,97.39,47,0.28,2026-02-23
52,MAD→MXP,Europe,Truckload,Meridian Carriers,22034,72244.09,86.08,0.706,99.42,42,0.32,2026-02-23
52,MXP→FRA,Europe,LTL,BlueLine Express,51606,232670.86,92.73,0.517,96.66,48,0.28,2026-02-23
52,FRA→MXP,Europe,Air,Skyway Cargo,24327,227473.96,92.84,0.587,97.31,49,0.42,2026-02-23
52,AMS→MAD,Europe,Truckload,Northwind Freight,10490,34770.81,86.16,0.286,97.49,46,0.32,2026-02-23
52,WAW→LHR,Europe,Truckload,Atlas Logistics,24848,86881.93,94.89,0.223,96.4,45,0.32,2026-02-23
52,WAW→FRA,Europe,Intermodal,Pacific Rail Co,15893,38199.48,95.25,0.532,97.99,41,0.18,2026-02-23
52,ICN→DEL,Asia Pacific,Truckload,BlueLine Express,52717,200047.05,94.21,0.413,96.01,49,0.32,2026-02-23
52,DEL→SYD,Asia Pacific,Intermodal,Pacific Rail Co,18376,50618.82,86.62,0.392,97.37,49,0.18,2026-02-23
52,NRT→SYD,Asia Pacific,Intermodal,Pacific Rail Co,54300,122551.77,95.73,0.24,96.25,47,0.18,2026-02-23
52,SIN→SYD,Asia Pacific,LTL,Northwind Freight,28715,148052.54,91.85,0.38,98.65,42,0.28,2026-02-23
52,ICN→SYD,Asia Pacific,Intermodal,Pacific Rail Co,41640,105985.69,90.35,0.386,96.42,42,0.18,2026-02-23
52,SYD→NRT,Asia Pacific,Truckload,Northwind Freight,50523,148747.1,95.82,0.331,99.22,41,0.32,2026-02-23
52,DEL→SIN,Asia Pacific,LTL,Atlas Logistics,22334,113086.29,91.86,0.532,98.77,41,0.28,2026-02-23
52,ICN→SIN,Asia Pacific,Truckload,BlueLine Express,12235,42057.56,88.63,0.589,96.89,48,0.32,2026-02-23
53,LAX→ORD,North America,Truckload,BlueLine Express,15117,50017.9,90.61,0.26,97.24,46,0.32,2026-03-02
53,SEA→ORD,North America,Truckload,Northwind Freight,40046,127424.65,97.49,0.269,98.48,45,0.32,2026-03-02
53,SEA→LAX,North America,LTL,Atlas Logistics,15021,73499.94,95.05,0.264,97.74,40,0.28,2026-03-02
53,EWR→MEM,North America,Truckload,Meridian Carriers,35863,132371.07,94.06,0.527,97.52,40,0.32,2026-03-02
53,DFW→EWR,North America,LTL,Northwind Freight,12939,58536.54,92.45,0.592,98.76,47,0.28,2026-03-02
53,DFW→LAX,North America,LTL,Atlas Logistics,34393,164561.49,93.91,0.312,97.17,45,0.28,2026-03-02
53,ORD→PHX,North America,Air,Skyway Cargo,14836,136588.23,92.8,0.651,98.22,44,0.42,2026-03-02
53,PHX→ATL,North America,LTL,Atlas Logistics,19346,96099.37,92.99,0.706,97.81,43,0.28,2026-03-02
53,MAD→MXP,Europe,Truckload,Meridian Carriers,19721,61435.49,91.96,0.651,98.92,42,0.32,2026-03-02
53,MXP→FRA,Europe,LTL,BlueLine Express,36668,176400.65,96.63,0.403,99.1,44,0.28,2026-03-02
53,FRA→MXP,Europe,Air,Skyway Cargo,18140,166239.18,96.76,0.567,96.51,45,0.42,2026-03-02
53,AMS→MAD,Europe,Truckload,Northwind Freight,8414,28739.86,90.48,0.261,97.21,45,0.32,2026-03-02
53,WAW→LHR,Europe,Truckload,Atlas Logistics,23876,80443.87,95.75,0.247,97.36,46,0.32,2026-03-02
53,WAW→FRA,Europe,Intermodal,Pacific Rail Co,11560,26956.6,96.49,0.595,97.34,45,0.18,2026-03-02
53,ICN→DEL,Asia Pacific,Truckload,BlueLine Express,46683,167025.29,95.94,0.363,96.12,44,0.32,2026-03-02
53,DEL→SYD,Asia Pacific,Intermodal,Pacific Rail Co,15615,41531.26,91.17,0.422,99.39,47,0.18,2026-03-02
53,NRT→SYD,Asia Pacific,Intermodal,Pacific Rail Co,44746,106745.27,98.8,0.258,97.1,46,0.18,2026-03-02
53,SIN→SYD,Asia Pacific,LTL,Northwind Freight,22010,115070.02,96.44,0.447,96.15,43,0.28,2026-03-02
53,ICN→SYD,Asia Pacific,Intermodal,Pacific Rail Co,33676,89932.94,94.4,0.493,96.92,42,0.18,2026-03-02
53,SYD→NRT,Asia Pacific,Truckload,Northwind Freight,41279,125910.54,99.02,0.271,96.2,45,0.32,2026-03-02
53,DEL→SIN,Asia Pacific,LTL,Atlas Logistics,16875,90541.07,96.94,0.632,96.89,38,0.28,2026-03-02
53,ICN→SIN,Asia Pacific,Truckload,BlueLine Express,9244,32767.16,90.03,0.605,97.14,38,0.32,2026-03-02
54,LAX→ORD,North America,Truckload,BlueLine Express,14856,51358.38,88.15,0.171,99.33,38,0.32,2026-03-09
54,SEA→ORD,North America,Truckload,Northwind Freight,39855,125566.99,97.58,0.199,96.42,39,0.32,2026-03-09
54,SEA→LAX,North America,LTL,Atlas Logistics,17561,84247.14,92.94,0.249,98.52,44,0.28,2026-03-09
54,EWR→MEM,North America,Truckload,Meridian Carriers,34546,126495.08,92.39,0.511,98.87,40,0.32,2026-03-09
54,DFW→EWR,North America,LTL,Northwind Freight,13159,60162.13,88.61,0.609,99.13,46,0.28,2026-03-09
54,DFW→LAX,North America,LTL,Atlas Logistics,35798,174058.21,93.6,0.288,97.83,44,0.28,2026-03-09
54,ORD→PHX,North America,Air,Skyway Cargo,14657,140838.06,90.48,0.526,97.8,39,0.42,2026-03-09
54,PHX→ATL,North America,LTL,Atlas Logistics,21235,104197.09,94.12,0.636,99.21,39,0.28,2026-03-09
54,MAD→MXP,Europe,Truckload,Meridian Carriers,20393,62588.96,92.04,0.655,97.3,44,0.32,2026-03-09
54,MXP→FRA,Europe,LTL,BlueLine Express,39355,183500.86,95.6,0.376,97.19,42,0.28,2026-03-09
54,FRA→MXP,Europe,Air,Skyway Cargo,18169,170092.85,95.52,0.487,97.65,41,0.42,2026-03-09
54,AMS→MAD,Europe,Truckload,Northwind Freight,8628,28956.88,90.96,0.207,97.11,42,0.32,2026-03-09
54,WAW→LHR,Europe,Truckload,Atlas Logistics,22509,79480.57,96.25,0.248,97.08,45,0.32,2026-03-09
54,WAW→FRA,Europe,Intermodal,Pacific Rail Co,13452,32489.01,97.84,0.638,96.02,40,0.18,2026-03-09
54,ICN→DEL,Asia Pacific,Truckload,BlueLine Express,45476,162205.72,96.41,0.321,97.75,40,0.32,2026-03-09
54,DEL→SYD,Asia Pacific,Intermodal,Pacific Rail Co,16602,45856.53,91.1,0.463,97.18,46,0.18,2026-03-09
54,NRT→SYD,Asia Pacific,Intermodal,Pacific Rail Co,39107,93187.9,96.34,0.32,98.5,44,0.18,2026-03-09
54,SIN→SYD,Asia Pacific,LTL,Northwind Freight,22643,124131.09,95.88,0.398,98.73,41,0.28,2026-03-09
54,ICN→SYD,Asia Pacific,Intermodal,Pacific Rail Co,34465,86581.15,93.34,0.372,99.26,46,0.18,2026-03-09
54,SYD→NRT,Asia Pacific,Truckload,Northwind Freight,37866,113226.53,99.5,0.351,96.11,45,0.32,2026-03-09
54,DEL→SIN,Asia Pacific,LTL,Atlas Logistics,18248,92329.28,94.07,0.628,97.57,43,0.28,2026-03-09
54,ICN→SIN,Asia Pacific,Truckload,BlueLine Express,9557,33429.32,91.09,0.63,96.1,43,0.32,2026-03-09
55,LAX→ORD,North America,Truckload,BlueLine Express,15254,51690.31,90.24,0.287,96.71,44,0.32,2026-03-16
55,SEA→ORD,North America,Truckload,Northwind Freight,45810,137341.52,95.24,0.223,96.45,41,0.32,2026-03-16
55,SEA→LAX,North America,LTL,Atlas Logistics,15133,69438.11,92.82,0.337,97.05,41,0.28,2026-03-16
55,EWR→MEM,North America,Truckload,Meridian Carriers,36487,134837.93,95.4,0.619,97.1,46,0.32,2026-03-16
55,DFW→EWR,North America,LTL,Northwind Freight,15882,72071.43,89.07,0.514,98.91,38,0.28,2026-03-16
55,DFW→LAX,North America,LTL,Atlas Logistics,35207,169565.68,92.63,0.31,98.75,45,0.28,2026-03-16
55,ORD→PHX,North America,Air,Skyway Cargo,14363,132188.95,92.41,0.558,97.28,45,0.42,2026-03-16
55,PHX→ATL,North America,LTL,Atlas Logistics,22932,112184,91.13,0.672,97.07,40,0.28,2026-03-16
55,MAD→MXP,Europe,Truckload,Meridian Carriers,21616,68582.21,90.06,0.683,98.47,47,0.32,2026-03-16
55,MXP→FRA,Europe,LTL,BlueLine Express,41312,198029.45,94.05,0.421,96.48,44,0.28,2026-03-16
55,FRA→MXP,Europe,Air,Skyway Cargo,19378,183578.3,95.39,0.591,98.68,42,0.42,2026-03-16
55,AMS→MAD,Europe,Truckload,Northwind Freight,9734,32124.5,90.51,0.147,97.68,42,0.32,2026-03-16
55,WAW→LHR,Europe,Truckload,Atlas Logistics,25302,88110.83,95.41,0.27,98.48,39,0.32,2026-03-16
55,WAW→FRA,Europe,Intermodal,Pacific Rail Co,12336,28301.52,96.56,0.616,98.38,45,0.18,2026-03-16
55,ICN→DEL,Asia Pacific,Truckload,BlueLine Express,45705,169289.06,95.99,0.41,98.28,41,0.32,2026-03-16
55,DEL→SYD,Asia Pacific,Intermodal,Pacific Rail Co,16286,42446.24,88.84,0.43,98.36,41,0.18,2026-03-16
55,NRT→SYD,Asia Pacific,Intermodal,Pacific Rail Co,46330,112382.24,95.84,0.196,98.15,42,0.18,2026-03-16
55,SIN→SYD,Asia Pacific,LTL,Northwind Freight,22075,118849.06,95.64,0.408,97.57,40,0.28,2026-03-16
55,ICN→SYD,Asia Pacific,Intermodal,Pacific Rail Co,31235,81776.61,94.45,0.378,97.82,43,0.18,2026-03-16
55,SYD→NRT,Asia Pacific,Truckload,Northwind Freight,37007,116657.18,98.95,0.344,97.44,41,0.32,2026-03-16
55,DEL→SIN,Asia Pacific,LTL,Atlas Logistics,16791,90295,94.81,0.565,97.22,42,0.28,2026-03-16
55,ICN→SIN,Asia Pacific,Truckload,BlueLine Express,10820,36514.74,89.5,0.599,96.07,43,0.32,2026-03-16
56,LAX→ORD,North America,Truckload,BlueLine Express,17494,57571.99,89.82,0.228,99.06,45,0.32,2026-03-23
56,SEA→ORD,North America,Truckload,Northwind Freight,42181,128062.24,97.26,0.16,96.19,40,0.32,2026-03-23
56,SEA→LAX,North America,LTL,Atlas Logistics,15157,71116.23,94.42,0.243,97.78,39,0.28,2026-03-23
56,EWR→MEM,North America,Truckload,Meridian Carriers,34645,125003.19,95.77,0.484,97.13,42,0.32,2026-03-23
56,DFW→EWR,North America,LTL,Northwind Freight,14182,67153.61,91.07,0.526,96.56,46,0.28,2026-03-23
56,DFW→LAX,North America,LTL,Atlas Logistics,34791,169825.98,93.1,0.231,98.72,45,0.28,2026-03-23
56,ORD→PHX,North America,Air,Skyway Cargo,13589,123154.69,93.08,0.652,96.8,43,0.42,2026-03-23
56,PHX→ATL,North America,LTL,Atlas Logistics,22802,111119.56,91.16,0.648,96.9,46,0.28,2026-03-23
56,MAD→MXP,Europe,Truckload,Meridian Carriers,21159,68766.58,90.29,0.741,96.12,39,0.32,2026-03-23
56,MXP→FRA,Europe,LTL,BlueLine Express,39646,187114.84,97.07,0.412,97.24,46,0.28,2026-03-23
56,FRA→MXP,Europe,Air,Skyway Cargo,18932,184241.48,98.63,0.561,97.26,39,0.42,2026-03-23
56,AMS→MAD,Europe,Truckload,Northwind Freight,9915,34876.74,90.87,0.19,96.48,42,0.32,2026-03-23
56,WAW→LHR,Europe,Truckload,Atlas Logistics,21407,72378.56,95.18,0.178,99.26,45,0.32,2026-03-23
56,WAW→FRA,Europe,Intermodal,Pacific Rail Co,13428,31019.83,98.69,0.591,98.54,41,0.18,2026-03-23
56,ICN→DEL,Asia Pacific,Truckload,BlueLine Express,46659,176244.55,96.23,0.427,99.29,39,0.32,2026-03-23
56,DEL→SYD,Asia Pacific,Intermodal,Pacific Rail Co,16654,44004.76,89.64,0.38,99.25,44,0.18,2026-03-23
56,NRT→SYD,Asia Pacific,Intermodal,Pacific Rail Co,43161,103167.02,96.51,0.305,99.41,42,0.18,2026-03-23
56,SIN→SYD,Asia Pacific,LTL,Northwind Freight,23772,131759.61,95.81,0.36,97.52,47,0.28,2026-03-23
56,ICN→SYD,Asia Pacific,Intermodal,Pacific Rail Co,33883,88706.36,93.54,0.358,99.47,45,0.18,2026-03-23
56,SYD→NRT,Asia Pacific,Truckload,Northwind Freight,40958,123138.79,96.08,0.315,97.11,39,0.32,2026-03-23
56,DEL→SIN,Asia Pacific,LTL,Atlas Logistics,18487,98229.5,97.25,0.518,96.53,46,0.28,2026-03-23
56,ICN→SIN,Asia Pacific,Truckload,BlueLine Express,10863,38595.95,92.78,0.559,98.84,44,0.32,2026-03-23
57,LAX→ORD,North America,Truckload,BlueLine Express,14928,51993.99,88.39,0.194,98.23,44,0.32,2026-03-30
57,SEA→ORD,North America,Truckload,Northwind Freight,44990,136550.87,94.57,0.264,98.05,39,0.32,2026-03-30
57,SEA→LAX,North America,LTL,Atlas Logistics,15448,75810.99,95.26,0.248,98.95,46,0.28,2026-03-30
57,EWR→MEM,North America,Truckload,Meridian Carriers,38363,137298.05,95,0.503,96.11,39,0.32,2026-03-30
57,DFW→EWR,North America,LTL,Northwind Freight,15062,69262.4,90.76,0.579,97.76,42,0.28,2026-03-30
57,DFW→LAX,North America,LTL,Atlas Logistics,39422,199928.02,90.49,0.244,96.99,44,0.28,2026-03-30
57,ORD→PHX,North America,Air,Skyway Cargo,15423,147642.46,93.92,0.628,98.26,40,0.42,2026-03-30
57,PHX→ATL,North America,LTL,Atlas Logistics,24277,122529.87,94.48,0.634,99.28,39,0.28,2026-03-30
57,MAD→MXP,Europe,Truckload,Meridian Carriers,20377,66188.84,90.87,0.625,97.64,39,0.32,2026-03-30
57,MXP→FRA,Europe,LTL,BlueLine Express,43909,212441.69,94.47,0.428,98.6,44,0.28,2026-03-30
57,FRA→MXP,Europe,Air,Skyway Cargo,20773,200977.95,96.1,0.466,97.78,43,0.42,2026-03-30
57,AMS→MAD,Europe,Truckload,Northwind Freight,9927,32936.5,91.13,0.211,98.46,40,0.32,2026-03-30
57,WAW→LHR,Europe,Truckload,Atlas Logistics,22088,76724.36,94.53,0.248,98.46,44,0.32,2026-03-30
57,WAW→FRA,Europe,Intermodal,Pacific Rail Co,11961,29086.27,95.85,0.565,97.32,38,0.18,2026-03-30
57,ICN→DEL,Asia Pacific,Truckload,BlueLine Express,51899,197887.17,96.89,0.405,96.67,42,0.32,2026-03-30
57,DEL→SYD,Asia Pacific,Intermodal,Pacific Rail Co,16405,44855.07,91.65,0.39,97.04,43,0.18,2026-03-30
57,NRT→SYD,Asia Pacific,Intermodal,Pacific Rail Co,43373,105683.01,97.5,0.301,96.07,43,0.18,2026-03-30
57,SIN→SYD,Asia Pacific,LTL,Northwind Freight,25497,132555.8,96.06,0.339,98.83,44,0.28,2026-03-30
57,ICN→SYD,Asia Pacific,Intermodal,Pacific Rail Co,34166,91445.81,93.68,0.422,96.07,43,0.18,2026-03-30
57,SYD→NRT,Asia Pacific,Truckload,Northwind Freight,40698,125454.98,97.73,0.328,98.66,39,0.32,2026-03-30
57,DEL→SIN,Asia Pacific,LTL,Atlas Logistics,19840,105143.37,97.47,0.635,97.96,38,0.28,2026-03-30
57,ICN→SIN,Asia Pacific,Truckload,BlueLine Express,10930,39234.59,90.56,0.706,98.82,46,0.32,2026-03-30
58,LAX→ORD,North America,Truckload,BlueLine Express,17092,58333.12,90.72,0.176,99.37,46,0.32,2026-04-06
58,SEA→ORD,North America,Truckload,Northwind Freight,47820,145508.43,97.92,0.259,97.05,39,0.32,2026-04-06
58,SEA→LAX,North America,LTL,Atlas Logistics,16491,80224.38,95.62,0.31,98.63,47,0.28,2026-04-06
58,EWR→MEM,North America,Truckload,Meridian Carriers,32559,115109.11,95.36,0.605,96.09,39,0.32,2026-04-06
58,DFW→EWR,North America,LTL,Northwind Freight,15671,72749.27,89.97,0.512,96.09,40,0.28,2026-04-06
58,DFW→LAX,North America,LTL,Atlas Logistics,39828,197687.76,90.59,0.371,96.71,43,0.28,2026-04-06
58,ORD→PHX,North America,Air,Skyway Cargo,15954,155373.29,90.17,0.517,98.2,43,0.42,2026-04-06
58,PHX→ATL,North America,LTL,Atlas Logistics,23206,115599.25,92.38,0.603,98.03,45,0.28,2026-04-06
58,MAD→MXP,Europe,Truckload,Meridian Carriers,20350,63885.91,92.03,0.653,99.31,46,0.32,2026-04-06
58,MXP→FRA,Europe,LTL,BlueLine Express,43773,211298.38,94.17,0.485,97.85,44,0.28,2026-04-06
58,FRA→MXP,Europe,Air,Skyway Cargo,18466,172027.26,97.15,0.593,97.5,44,0.42,2026-04-06
58,AMS→MAD,Europe,Truckload,Northwind Freight,10079,35022.62,90.66,0.22,97.41,39,0.32,2026-04-06
58,WAW→LHR,Europe,Truckload,Atlas Logistics,23877,81692.77,96.41,0.208,96.76,44,0.32,2026-04-06
58,WAW→FRA,Europe,Intermodal,Pacific Rail Co,12747,31144.07,98.46,0.537,98.32,44,0.18,2026-04-06
58,ICN→DEL,Asia Pacific,Truckload,BlueLine Express,48512,176772.64,98.08,0.445,97.75,39,0.32,2026-04-06
58,DEL→SYD,Asia Pacific,Intermodal,Pacific Rail Co,16838,47007.14,89.11,0.502,97.56,41,0.18,2026-04-06
58,NRT→SYD,Asia Pacific,Intermodal,Pacific Rail Co,44826,102321.96,96.73,0.184,97.4,47,0.18,2026-04-06
58,SIN→SYD,Asia Pacific,LTL,Northwind Freight,27241,146565.04,95.81,0.351,98.27,43,0.28,2026-04-06
58,ICN→SYD,Asia Pacific,Intermodal,Pacific Rail Co,37461,100780.63,92.9,0.488,97.97,42,0.18,2026-04-06
58,SYD→NRT,Asia Pacific,Truckload,Northwind Freight,38689,117817.88,96.61,0.365,98.33,45,0.32,2026-04-06
58,DEL→SIN,Asia Pacific,LTL,Atlas Logistics,20248,105888.65,97.6,0.572,98.7,40,0.28,2026-04-06
58,ICN→SIN,Asia Pacific,Truckload,BlueLine Express,11508,40828.14,93.05,0.691,97.2,44,0.32,2026-04-06
59,LAX→ORD,North America,Truckload,BlueLine Express,15939,53661.87,91.37,0.258,96.78,39,0.32,2026-04-13
59,SEA→ORD,North America,Truckload,Northwind Freight,46950,150479.58,95.67,0.201,98.92,42,0.32,2026-04-13
59,SEA→LAX,North America,LTL,Atlas Logistics,17744,84249.72,93.07,0.24,96.97,39,0.28,2026-04-13
59,EWR→MEM,North America,Truckload,Meridian Carriers,38358,135078.83,91.81,0.585,97.31,43,0.32,2026-04-13
59,DFW→EWR,North America,LTL,Northwind Freight,15346,75649.22,90.83,0.555,98.99,45,0.28,2026-04-13
59,DFW→LAX,North America,LTL,Atlas Logistics,37789,192112.02,93.42,0.258,96.61,47,0.28,2026-04-13
59,ORD→PHX,North America,Air,Skyway Cargo,15931,151389.39,92.96,0.572,98.75,41,0.42,2026-04-13
59,PHX→ATL,North America,LTL,Atlas Logistics,22874,117860.03,91.77,0.683,99.3,45,0.28,2026-04-13
59,MAD→MXP,Europe,Truckload,Meridian Carriers,20009,64558.94,92.01,0.691,98.63,39,0.32,2026-04-13
59,MXP→FRA,Europe,LTL,BlueLine Express,43689,206036.14,95.54,0.396,98.74,44,0.28,2026-04-13
59,FRA→MXP,Europe,Air,Skyway Cargo,19913,196159.01,96.67,0.569,98.35,45,0.42,2026-04-13
59,AMS→MAD,Europe,Truckload,Northwind Freight,9407,33908.63,89.75,0.152,97.37,40,0.32,2026-04-13
59,WAW→LHR,Europe,Truckload,Atlas Logistics,25908,88503.79,94.17,0.255,98.18,45,0.32,2026-04-13
59,WAW→FRA,Europe,Intermodal,Pacific Rail Co,13068,31086.39,97.58,0.666,99.08,45,0.18,2026-04-13
59,ICN→DEL,Asia Pacific,Truckload,BlueLine Express,45538,176360.96,97.57,0.443,98.46,46,0.32,2026-04-13
59,DEL→SYD,Asia Pacific,Intermodal,Pacific Rail Co,15872,44401.55,88.35,0.453,98.16,42,0.18,2026-04-13
59,NRT→SYD,Asia Pacific,Intermodal,Pacific Rail Co,44749,107519.8,97.14,0.32,97.34,45,0.18,2026-04-13
59,SIN→SYD,Asia Pacific,LTL,Northwind Freight,24950,133587.8,95.99,0.416,99.08,46,0.28,2026-04-13
59,ICN→SYD,Asia Pacific,Intermodal,Pacific Rail Co,33945,85731.15,92.89,0.487,96.87,47,0.18,2026-04-13
59,SYD→NRT,Asia Pacific,Truckload,Northwind Freight,40434,126176.22,97.89,0.357,97.02,42,0.32,2026-04-13
59,DEL→SIN,Asia Pacific,LTL,Atlas Logistics,20819,112973.5,97.13,0.633,96.88,46,0.28,2026-04-13
59,ICN→SIN,Asia Pacific,Truckload,BlueLine Express,11119,39093.61,91.87,0.637,96.88,43,0.32,2026-04-13
60,LAX→ORD,North America,Truckload,BlueLine Express,15930,56558.84,92,0.257,98.72,41,0.32,2026-04-20
60,SEA→ORD,North America,Truckload,Northwind Freight,42203,133972.95,97.98,0.164,99.1,42,0.32,2026-04-20
60,SEA→LAX,North America,LTL,Atlas Logistics,18606,90324.46,96.01,0.306,96.66,41,0.28,2026-04-20
60,EWR→MEM,North America,Truckload,Meridian Carriers,37678,137709.43,95.22,0.621,96.74,41,0.32,2026-04-20
60,DFW→EWR,North America,LTL,Northwind Freight,14386,71019.83,91.03,0.55,98.42,46,0.28,2026-04-20
60,DFW→LAX,North America,LTL,Atlas Logistics,35425,168849.54,90.34,0.245,97.81,38,0.28,2026-04-20
60,ORD→PHX,North America,Air,Skyway Cargo,14408,139660.79,90.56,0.615,98.15,43,0.42,2026-04-20
60,PHX→ATL,North America,LTL,Atlas Logistics,24627,126377.28,92.05,0.665,96.76,45,0.28,2026-04-20
60,MAD→MXP,Europe,Truckload,Meridian Carriers,23123,73589.49,89.52,0.625,97.67,43,0.32,2026-04-20
60,MXP→FRA,Europe,LTL,BlueLine Express,40353,189244.2,94.69,0.512,98.09,42,0.28,2026-04-20
60,FRA→MXP,Europe,Air,Skyway Cargo,19364,197450.19,97.09,0.593,97.61,39,0.42,2026-04-20
60,AMS→MAD,Europe,Truckload,Northwind Freight,10643,38209.35,91.34,0.249,96.98,46,0.32,2026-04-20
60,WAW→LHR,Europe,Truckload,Atlas Logistics,23237,80502.86,94.47,0.242,96.46,44,0.32,2026-04-20
60,WAW→FRA,Europe,Intermodal,Pacific Rail Co,13906,33669.99,97.83,0.561,97.06,39,0.18,2026-04-20
60,ICN→DEL,Asia Pacific,Truckload,BlueLine Express,47218,175311.22,98.76,0.383,97.83,45,0.32,2026-04-20
60,DEL→SYD,Asia Pacific,Intermodal,Pacific Rail Co,16125,45178.67,89.54,0.404,96.34,46,0.18,2026-04-20
60,NRT→SYD,Asia Pacific,Intermodal,Pacific Rail Co,43008,101697.87,95.29,0.248,99.32,38,0.18,2026-04-20
60,SIN→SYD,Asia Pacific,LTL,Northwind Freight,24365,132157.77,94.64,0.447,98.97,45,0.28,2026-04-20
60,ICN→SYD,Asia Pacific,Intermodal,Pacific Rail Co,33260,84373.94,94.35,0.453,96.49,44,0.18,2026-04-20
60,SYD→NRT,Asia Pacific,Truckload,Northwind Freight,44297,136004.22,96.43,0.319,99.37,45,0.32,2026-04-20
60,DEL→SIN,Asia Pacific,LTL,Atlas Logistics,20314,104627.44,96.4,0.645,98.05,45,0.28,2026-04-20
60,ICN→SIN,Asia Pacific,Truckload,BlueLine Express,11549,40437.84,89.67,0.635,98.09,46,0.32,2026-04-20
61,LAX→ORD,North America,Truckload,BlueLine Express,16902,58653.21,89.36,0.236,96.58,46,0.32,2026-04-27
61,SEA→ORD,North America,Truckload,Northwind Freight,50622,167205.27,96.52,0.146,97.91,40,0.32,2026-04-27
61,SEA→LAX,North America,LTL,Atlas Logistics,19455,95904.4,95.45,0.206,97.57,45,0.28,2026-04-27
61,EWR→MEM,North America,Truckload,Meridian Carriers,34255,129268.61,95.24,0.631,99.27,43,0.32,2026-04-27
61,DFW→EWR,North America,LTL,Northwind Freight,15023,74446.01,89.55,0.606,96.92,40,0.28,2026-04-27
61,DFW→LAX,North America,LTL,Atlas Logistics,37953,196366.86,93.76,0.23,97.51,44,0.28,2026-04-27
61,ORD→PHX,North America,Air,Skyway Cargo,16157,153854.26,93.42,0.599,97.39,40,0.42,2026-04-27
61,PHX→ATL,North America,LTL,Atlas Logistics,22019,114804.5,92.48,0.644,96.05,43,0.28,2026-04-27
61,MAD→MXP,Europe,Truckload,Meridian Carriers,19738,66609.33,92.48,0.699,97.85,41,0.32,2026-04-27
61,MXP→FRA,Europe,LTL,BlueLine Express,44904,206161.11,95.31,0.375,97.73,45,0.28,2026-04-27
61,FRA→MXP,Europe,Air,Skyway Cargo,19610,192522.17,96.14,0.46,98.68,42,0.42,2026-04-27
61,AMS→MAD,Europe,Truckload,Northwind Freight,9214,31337.71,92.1,0.231,96.96,43,0.32,2026-04-27
61,WAW→LHR,Europe,Truckload,Atlas Logistics,25508,94543.16,94.35,0.158,97.37,41,0.32,2026-04-27
61,WAW→FRA,Europe,Intermodal,Pacific Rail Co,15064,37225.28,96.52,0.669,96.34,46,0.18,2026-04-27
61,ICN→DEL,Asia Pacific,Truckload,BlueLine Express,45461,169448.9,98.46,0.368,98.36,43,0.32,2026-04-27
61,DEL→SYD,Asia Pacific,Intermodal,Pacific Rail Co,16491,47147.82,88.83,0.377,98.7,46,0.18,2026-04-27
61,NRT→SYD,Asia Pacific,Intermodal,Pacific Rail Co,49327,121754.16,95.94,0.218,99,39,0.18,2026-04-27
61,SIN→SYD,Asia Pacific,LTL,Northwind Freight,26008,145671.48,93.71,0.4,96.26,39,0.28,2026-04-27
61,ICN→SYD,Asia Pacific,Intermodal,Pacific Rail Co,36520,94653.9,93.87,0.392,98.38,39,0.18,2026-04-27
61,SYD→NRT,Asia Pacific,Truckload,Northwind Freight,46732,150007.68,97.1,0.27,97.24,42,0.32,2026-04-27
61,DEL→SIN,Asia Pacific,LTL,Atlas Logistics,20998,114940.37,94,0.624,96.18,42,0.28,2026-04-27
61,ICN→SIN,Asia Pacific,Truckload,BlueLine Express,11749,40686.56,89.77,0.649,97.93,43,0.32,2026-04-27
62,LAX→ORD,North America,Truckload,BlueLine Express,18429,66374.9,90.53,0.204,98.53,40,0.32,2026-05-04
62,SEA→ORD,North America,Truckload,Northwind Freight,52590,172115.28,94.37,0.265,98.15,44,0.32,2026-05-04
62,SEA→LAX,North America,LTL,Atlas Logistics,18539,88055.35,94.39,0.202,96.27,46,0.28,2026-05-04
62,EWR→MEM,North America,Truckload,Meridian Carriers,37159,142754.36,92.04,0.605,97.98,46,0.32,2026-05-04
62,DFW→EWR,North America,LTL,Northwind Freight,17071,85895.45,89.67,0.632,97.36,42,0.28,2026-05-04
62,DFW→LAX,North America,LTL,Atlas Logistics,38703,193870.02,91.67,0.232,98.35,46,0.28,2026-05-04
62,ORD→PHX,North America,Air,Skyway Cargo,15206,143835.74,93.01,0.582,96.62,38,0.42,2026-05-04
62,PHX→ATL,North America,LTL,Atlas Logistics,26269,133695.14,93.24,0.67,97.74,44,0.28,2026-05-04
62,MAD→MXP,Europe,Truckload,Meridian Carriers,23180,76478.5,89.97,0.759,97.71,45,0.32,2026-05-04
62,MXP→FRA,Europe,LTL,BlueLine Express,41895,208757.58,95.23,0.483,98.69,45,0.28,2026-05-04
62,FRA→MXP,Europe,Air,Skyway Cargo,22920,229691.87,96.25,0.475,96.81,39,0.42,2026-05-04
62,AMS→MAD,Europe,Truckload,Northwind Freight,10241,34992.72,92.14,0.291,97.15,43,0.32,2026-05-04
62,WAW→LHR,Europe,Truckload,Atlas Logistics,25103,91708.37,95.34,0.29,99.3,40,0.32,2026-05-04
62,WAW→FRA,Europe,Intermodal,Pacific Rail Co,14588,35409.95,97.41,0.663,98.32,47,0.18,2026-05-04
62,ICN→DEL,Asia Pacific,Truckload,BlueLine Express,47221,176571.63,95.99,0.396,97.89,45,0.32,2026-05-04
62,DEL→SYD,Asia Pacific,Intermodal,Pacific Rail Co,18507,50193.21,91.88,0.433,98.42,42,0.18,2026-05-04
62,NRT→SYD,Asia Pacific,Intermodal,Pacific Rail Co,48003,118562.24,97.65,0.322,99.46,46,0.18,2026-05-04
62,SIN→SYD,Asia Pacific,LTL,Northwind Freight,28227,160549.08,95.3,0.331,99.02,43,0.28,2026-05-04
62,ICN→SYD,Asia Pacific,Intermodal,Pacific Rail Co,40115,107461.89,94.13,0.416,99.26,39,0.18,2026-05-04
62,SYD→NRT,Asia Pacific,Truckload,Northwind Freight,48335,154449.31,99.48,0.285,98.62,41,0.32,2026-05-04
62,DEL→SIN,Asia Pacific,LTL,Atlas Logistics,19733,105858.33,97.08,0.53,98.4,40,0.28,2026-05-04
62,ICN→SIN,Asia Pacific,Truckload,BlueLine Express,11668,42009.86,90.18,0.664,98.25,46,0.32,2026-05-04
63,LAX→ORD,North America,Truckload,BlueLine Express,17172,60923.48,89.48,0.175,96.66,43,0.32,2026-05-11
63,SEA→ORD,North America,Truckload,Northwind Freight,44520,146748.27,97.07,0.171,99.08,43,0.32,2026-05-11
63,SEA→LAX,North America,LTL,Atlas Logistics,19249,92923.47,96.04,0.321,98.64,44,0.28,2026-05-11
63,EWR→MEM,North America,Truckload,Meridian Carriers,39658,143354.77,95.31,0.489,99.1,45,0.32,2026-05-11
63,DFW→EWR,North America,LTL,Northwind Freight,16836,80121.97,91,0.636,98.72,46,0.28,2026-05-11
63,DFW→LAX,North America,LTL,Atlas Logistics,43451,217988.89,92.33,0.284,96.59,40,0.28,2026-05-11
63,ORD→PHX,North America,Air,Skyway Cargo,16411,164139.5,93.12,0.579,98.45,40,0.42,2026-05-11
63,PHX→ATL,North America,LTL,Atlas Logistics,23733,128320.84,90.73,0.6,98.6,46,0.28,2026-05-11
63,MAD→MXP,Europe,Truckload,Meridian Carriers,22780,78582.17,89.13,0.636,99.12,40,0.32,2026-05-11
63,MXP→FRA,Europe,LTL,BlueLine Express,48942,238148.89,95.95,0.501,98.56,40,0.28,2026-05-11
63,FRA→MXP,Europe,Air,Skyway Cargo,22576,235552.53,96.23,0.468,96.95,39,0.42,2026-05-11
63,AMS→MAD,Europe,Truckload,Northwind Freight,10644,37520.31,89.83,0.256,96.36,39,0.32,2026-05-11
63,WAW→LHR,Europe,Truckload,Atlas Logistics,27394,101601.06,94.38,0.207,98.83,40,0.32,2026-05-11
63,WAW→FRA,Europe,Intermodal,Pacific Rail Co,13553,34470.1,96.47,0.567,98.88,43,0.18,2026-05-11
63,ICN→DEL,Asia Pacific,Truckload,BlueLine Express,53130,201967.88,98.64,0.341,96.8,45,0.32,2026-05-11
63,DEL→SYD,Asia Pacific,Intermodal,Pacific Rail Co,17780,51023.32,91.44,0.415,98.99,43,0.18,2026-05-11
63,NRT→SYD,Asia Pacific,Intermodal,Pacific Rail Co,44337,104327.57,98.96,0.193,97.98,45,0.18,2026-05-11
63,SIN→SYD,Asia Pacific,LTL,Northwind Freight,27191,151181.89,94.74,0.307,98.74,39,0.28,2026-05-11
63,ICN→SYD,Asia Pacific,Intermodal,Pacific Rail Co,38223,99297.37,92.29,0.353,97.43,42,0.18,2026-05-11
63,SYD→NRT,Asia Pacific,Truckload,Northwind Freight,46536,151609.62,97.36,0.308,96.02,44,0.32,2026-05-11
63,DEL→SIN,Asia Pacific,LTL,Atlas Logistics,18663,97765.22,96.01,0.542,99.28,39,0.28,2026-05-11
63,ICN→SIN,Asia Pacific,Truckload,BlueLine Express,11496,41975.3,91.26,0.679,98.73,45,0.32,2026-05-11
64,LAX→ORD,North America,Truckload,BlueLine Express,16670,59311.06,91.57,0.164,96.44,46,0.32,2026-05-18
64,SEA→ORD,North America,Truckload,Northwind Freight,51958,175806.31,97.36,0.211,97.95,47,0.32,2026-05-18
64,SEA→LAX,North America,LTL,Atlas Logistics,20271,100169.69,96.4,0.307,98.54,43,0.28,2026-05-18
64,EWR→MEM,North America,Truckload,Meridian Carriers,38262,141435.35,93.83,0.489,97.3,39,0.32,2026-05-18
64,DFW→EWR,North America,LTL,Northwind Freight,16646,79294.5,91.47,0.514,99.01,41,0.28,2026-05-18
64,DFW→LAX,North America,LTL,Atlas Logistics,42367,209732.44,93.53,0.344,96.87,41,0.28,2026-05-18
64,ORD→PHX,North America,Air,Skyway Cargo,15890,156696.22,93.5,0.647,97.33,45,0.42,2026-05-18
64,PHX→ATL,North America,LTL,Atlas Logistics,22524,114683.02,92.26,0.648,99.09,38,0.28,2026-05-18
64,MAD→MXP,Europe,Truckload,Meridian Carriers,22595,77071.39,91.75,0.65,97.01,44,0.32,2026-05-18
64,MXP→FRA,Europe,LTL,BlueLine Express,46430,232655.78,95.64,0.403,96.22,47,0.28,2026-05-18
64,FRA→MXP,Europe,Air,Skyway Cargo,23317,240633,99.3,0.481,99.17,47,0.42,2026-05-18
64,AMS→MAD,Europe,Truckload,Northwind Freight,9836,35073.72,88.74,0.16,98.02,40,0.32,2026-05-18
64,WAW→LHR,Europe,Truckload,Atlas Logistics,24165,85496.72,96.4,0.277,98.05,42,0.32,2026-05-18
64,WAW→FRA,Europe,Intermodal,Pacific Rail Co,13732,33759.02,97.79,0.649,98.05,44,0.18,2026-05-18
64,ICN→DEL,Asia Pacific,Truckload,BlueLine Express,53961,215099.37,99.19,0.343,96.37,45,0.32,2026-05-18
64,DEL→SYD,Asia Pacific,Intermodal,Pacific Rail Co,18318,50760.03,89.94,0.492,98.37,39,0.18,2026-05-18
64,NRT→SYD,Asia Pacific,Intermodal,Pacific Rail Co,50444,121815.72,96.18,0.195,96.33,44,0.18,2026-05-18
64,SIN→SYD,Asia Pacific,LTL,Northwind Freight,29704,173275.93,94.81,0.348,96.51,39,0.28,2026-05-18
64,ICN→SYD,Asia Pacific,Intermodal,Pacific Rail Co,41586,111784.79,92.29,0.455,96.4,44,0.18,2026-05-18
64,SYD→NRT,Asia Pacific,Truckload,Northwind Freight,48174,153854.19,96.25,0.294,96.53,43,0.32,2026-05-18
64,DEL→SIN,Asia Pacific,LTL,Atlas Logistics,20738,109976.27,96.69,0.575,96.85,45,0.28,2026-05-18
64,ICN→SIN,Asia Pacific,Truckload,BlueLine Express,11563,43255.35,91.45,0.625,98.8,40,0.32,2026-05-18
65,LAX→ORD,North America,Truckload,BlueLine Express,17176,63809.41,89.99,0.175,96.93,44,0.32,2026-05-25
65,SEA→ORD,North America,Truckload,Northwind Freight,50024,169949.92,94.79,0.204,97.26,44,0.32,2026-05-25
65,SEA→LAX,North America,LTL,Atlas Logistics,19240,96963.45,96.1,0.335,98.94,41,0.28,2026-05-25
65,EWR→MEM,North America,Truckload,Meridian Carriers,39732,154781.48,91.9,0.599,96.33,40,0.32,2026-05-25
65,DFW→EWR,North America,LTL,Northwind Freight,16870,82668.84,89.03,0.526,96.9,45,0.28,2026-05-25
65,DFW→LAX,North America,LTL,Atlas Logistics,39598,198080.19,91.57,0.335,97.63,46,0.28,2026-05-25
65,ORD→PHX,North America,Air,Skyway Cargo,16945,168809.77,90.7,0.561,98.2,46,0.42,2026-05-25
65,PHX→ATL,North America,LTL,Atlas Logistics,24176,124360.3,92.38,0.607,98.31,43,0.28,2026-05-25
65,MAD→MXP,Europe,Truckload,Meridian Carriers,22793,79869.89,90.53,0.626,98.22,40,0.32,2026-05-25
65,MXP→FRA,Europe,LTL,BlueLine Express,47723,232195.99,94.72,0.502,98.46,43,0.28,2026-05-25
65,FRA→MXP,Europe,Air,Skyway Cargo,24150,255546.47,95.99,0.447,96.64,45,0.42,2026-05-25
65,AMS→MAD,Europe,Truckload,Northwind Freight,11111,39644.43,89.38,0.147,98.2,40,0.32,2026-05-25
65,WAW→LHR,Europe,Truckload,Atlas Logistics,28622,105434.76,94.34,0.287,98.04,39,0.32,2026-05-25
65,WAW→FRA,Europe,Intermodal,Pacific Rail Co,15210,37384.01,99.04,0.647,97.52,43,0.18,2026-05-25
65,ICN→DEL,Asia Pacific,Truckload,BlueLine Express,58698,227156.77,98.29,0.368,96.39,40,0.32,2026-05-25
65,DEL→SYD,Asia Pacific,Intermodal,Pacific Rail Co,16613,48493.18,89.65,0.475,98.92,46,0.18,2026-05-25
65,NRT→SYD,Asia Pacific,Intermodal,Pacific Rail Co,51546,123707.82,96.44,0.258,96.15,39,0.18,2026-05-25
65,SIN→SYD,Asia Pacific,LTL,Northwind Freight,25644,143667.04,94.29,0.416,96.03,45,0.28,2026-05-25
65,ICN→SYD,Asia Pacific,Intermodal,Pacific Rail Co,41707,113782.1,95.92,0.389,97.99,42,0.18,2026-05-25
65,SYD→NRT,Asia Pacific,Truckload,Northwind Freight,46497,149414.89,97.29,0.225,98.99,42,0.32,2026-05-25
65,DEL→SIN,Asia Pacific,LTL,Atlas Logistics,22326,124095.1,95.87,0.549,96.43,41,0.28,2026-05-25
65,ICN→SIN,Asia Pacific,Truckload,BlueLine Express,12213,44811.34,90.2,0.603,97.64,45,0.32,2026-05-25
66,LAX→ORD,North America,Truckload,BlueLine Express,17216,61884.2,90.7,0.279,96.27,46,0.32,2026-06-01
66,SEA→ORD,North America,Truckload,Northwind Freight,50774,171307.4,96.65,0.236,98.96,45,0.32,2026-06-01
66,SEA→LAX,North America,LTL,Atlas Logistics,19231,101550.48,95.36,0.307,98.89,40,0.28,2026-06-01
66,EWR→MEM,North America,Truckload,Meridian Carriers,39771,153732.35,93.92,0.581,96.1,45,0.32,2026-06-01
66,DFW→EWR,North America,LTL,Northwind Freight,17867,85920.07,89.81,0.524,98.36,45,0.28,2026-06-01
66,DFW→LAX,North America,LTL,Atlas Logistics,43454,219632.23,90.38,0.307,96.69,38,0.28,2026-06-01
66,ORD→PHX,North America,Air,Skyway Cargo,17387,175197.95,93.77,0.546,96.39,42,0.42,2026-06-01
66,PHX→ATL,North America,LTL,Atlas Logistics,28077,147714.25,94.43,0.701,97.41,45,0.28,2026-06-01
66,MAD→MXP,Europe,Truckload,Meridian Carriers,21914,73267.54,89.73,0.683,97.25,40,0.32,2026-06-01
66,MXP→FRA,Europe,LTL,BlueLine Express,51931,256382.92,96.52,0.477,96,41,0.28,2026-06-01
66,FRA→MXP,Europe,Air,Skyway Cargo,22815,237881.67,98.01,0.581,96.85,45,0.42,2026-06-01
66,AMS→MAD,Europe,Truckload,Northwind Freight,10869,39732.64,90.73,0.188,99.21,43,0.32,2026-06-01
66,WAW→LHR,Europe,Truckload,Atlas Logistics,29734,107603.42,95.52,0.157,98.97,44,0.32,2026-06-01
66,WAW→FRA,Europe,Intermodal,Pacific Rail Co,13839,35010.8,98.91,0.571,97.16,45,0.18,2026-06-01
66,ICN→DEL,Asia Pacific,Truckload,BlueLine Express,52060,207356.53,97.56,0.406,97.59,39,0.32,2026-06-01
66,DEL→SYD,Asia Pacific,Intermodal,Pacific Rail Co,16529,45387.31,89.63,0.42,97.55,40,0.18,2026-06-01
66,NRT→SYD,Asia Pacific,Intermodal,Pacific Rail Co,53191,127294.59,98.98,0.219,98.37,45,0.18,2026-06-01
66,SIN→SYD,Asia Pacific,LTL,Northwind Freight,25636,146585.6,97.37,0.392,97.16,46,0.28,2026-06-01
66,ICN→SYD,Asia Pacific,Intermodal,Pacific Rail Co,38215,106373.06,92.52,0.454,99.27,46,0.18,2026-06-01
66,SYD→NRT,Asia Pacific,Truckload,Northwind Freight,47782,156657.35,96.76,0.336,96.54,41,0.32,2026-06-01
66,DEL→SIN,Asia Pacific,LTL,Atlas Logistics,22239,123635.91,94.58,0.655,97.93,39,0.28,2026-06-01
66,ICN→SIN,Asia Pacific,Truckload,BlueLine Express,11169,40630.62,90.59,0.577,96.44,42,0.32,2026-06-01
67,LAX→ORD,North America,Truckload,BlueLine Express,18107,66669.99,91.94,0.164,96.46,38,0.32,2026-06-08
67,SEA→ORD,North America,Truckload,Northwind Freight,52078,174691.3,95.35,0.158,96.29,47,0.32,2026-06-08
67,SEA→LAX,North America,LTL,Atlas Logistics,19065,98725.15,92.86,0.223,96.28,44,0.28,2026-06-08
67,EWR→MEM,North America,Truckload,Meridian Carriers,40737,160702.59,95.45,0.49,97.86,45,0.32,2026-06-08
67,DFW→EWR,North America,LTL,Northwind Freight,18461,89322.62,90.64,0.541,97.21,46,0.28,2026-06-08
67,DFW→LAX,North America,LTL,Atlas Logistics,40593,212569.47,92.09,0.328,97.73,46,0.28,2026-06-08
67,ORD→PHX,North America,Air,Skyway Cargo,17188,176991.49,93.83,0.556,98.71,39,0.42,2026-06-08
67,PHX→ATL,North America,LTL,Atlas Logistics,25424,140228.2,93.31,0.639,98.05,40,0.28,2026-06-08
67,MAD→MXP,Europe,Truckload,Meridian Carriers,24933,88483.52,91.96,0.618,98.31,39,0.32,2026-06-08
67,MXP→FRA,Europe,LTL,BlueLine Express,48180,241731.71,94.18,0.482,96.24,43,0.28,2026-06-08
67,FRA→MXP,Europe,Air,Skyway Cargo,21420,217547.54,95.69,0.473,97.32,44,0.42,2026-06-08
67,AMS→MAD,Europe,Truckload,Northwind Freight,11061,39561.88,92.07,0.285,99.12,42,0.32,2026-06-08
67,WAW→LHR,Europe,Truckload,Atlas Logistics,27272,102848.1,97.92,0.228,96.6,45,0.32,2026-06-08
67,WAW→FRA,Europe,Intermodal,Pacific Rail Co,14243,35297.49,99.5,0.585,99.16,42,0.18,2026-06-08
67,ICN→DEL,Asia Pacific,Truckload,BlueLine Express,57460,235820.16,98.29,0.438,97.76,43,0.32,2026-06-08
67,DEL→SYD,Asia Pacific,Intermodal,Pacific Rail Co,19097,54049.03,89.81,0.431,98.71,42,0.18,2026-06-08
67,NRT→SYD,Asia Pacific,Intermodal,Pacific Rail Co,46427,113180.37,98.29,0.277,97.84,41,0.18,2026-06-08
67,SIN→SYD,Asia Pacific,LTL,Northwind Freight,31543,175014.34,95.01,0.308,97.11,41,0.28,2026-06-08
67,ICN→SYD,Asia Pacific,Intermodal,Pacific Rail Co,41789,117663.93,96,0.486,98.03,42,0.18,2026-06-08
67,SYD→NRT,Asia Pacific,Truckload,Northwind Freight,49344,156618.41,99.5,0.301,96.83,38,0.32,2026-06-08
67,DEL→SIN,Asia Pacific,LTL,Atlas Logistics,22184,124388.22,97.37,0.648,98.76,46,0.28,2026-06-08
67,ICN→SIN,Asia Pacific,Truckload,BlueLine Express,13279,48994.38,90.84,0.578,97.7,43,0.32,2026-06-08
68,LAX→ORD,North America,Truckload,BlueLine Express,18511,69225.4,88.97,0.279,96.46,45,0.32,2026-06-15
68,SEA→ORD,North America,Truckload,Northwind Freight,52786,176709.93,94.74,0.17,98.66,39,0.32,2026-06-15
68,SEA→LAX,North America,LTL,Atlas Logistics,18789,98005.6,94.26,0.254,98.12,41,0.28,2026-06-15
68,EWR→MEM,North America,Truckload,Meridian Carriers,42530,159542.65,92.16,0.504,99.02,44,0.32,2026-06-15
68,DFW→EWR,North America,LTL,Northwind Freight,17932,88346.82,88.76,0.587,97.17,42,0.28,2026-06-15
68,DFW→LAX,North America,LTL,Atlas Logistics,45326,240176.25,91.28,0.319,99.05,40,0.28,2026-06-15
68,ORD→PHX,North America,Air,Skyway Cargo,17553,176480.1,91.13,0.543,98.44,44,0.42,2026-06-15
68,PHX→ATL,North America,LTL,Atlas Logistics,24860,134919.8,93.03,0.642,97.52,42,0.28,2026-06-15
68,MAD→MXP,Europe,Truckload,Meridian Carriers,21832,75012.75,90.04,0.623,99.21,39,0.32,2026-06-15
68,MXP→FRA,Europe,LTL,BlueLine Express,47156,236900.75,96.15,0.47,97.98,46,0.28,2026-06-15
68,FRA→MXP,Europe,Air,Skyway Cargo,25380,266536.26,96.86,0.464,98.21,41,0.42,2026-06-15
68,AMS→MAD,Europe,Truckload,Northwind Freight,11441,41900.05,90.36,0.234,98.74,46,0.32,2026-06-15
68,WAW→LHR,Europe,Truckload,Atlas Logistics,27902,108237.25,97.56,0.197,97.26,45,0.32,2026-06-15
68,WAW→FRA,Europe,Intermodal,Pacific Rail Co,15442,38630.52,98.7,0.64,97.77,42,0.18,2026-06-15
68,ICN→DEL,Asia Pacific,Truckload,BlueLine Express,56131,219275.07,97.32,0.372,99.35,43,0.32,2026-06-15
68,DEL→SYD,Asia Pacific,Intermodal,Pacific Rail Co,18988,53378.3,91.44,0.442,99.35,46,0.18,2026-06-15
68,NRT→SYD,Asia Pacific,Intermodal,Pacific Rail Co,55328,139302.3,96.12,0.264,97.43,46,0.18,2026-06-15
68,SIN→SYD,Asia Pacific,LTL,Northwind Freight,31279,173939.2,94.7,0.374,96.27,42,0.28,2026-06-15
68,ICN→SYD,Asia Pacific,Intermodal,Pacific Rail Co,36312,102156.15,95.15,0.466,98.11,44,0.18,2026-06-15
68,SYD→NRT,Asia Pacific,Truckload,Northwind Freight,50479,171144.53,98.79,0.311,96.55,39,0.32,2026-06-15
68,DEL→SIN,Asia Pacific,LTL,Atlas Logistics,22405,121218.26,94.23,0.654,99.14,43,0.28,2026-06-15
68,ICN→SIN,Asia Pacific,Truckload,BlueLine Express,12888,49907.71,91.03,0.617,96.7,42,0.32,2026-06-15
69,LAX→ORD,North America,Truckload,BlueLine Express,20766,74449.41,91.88,0.284,98.19,38,0.32,2026-06-22
69,SEA→ORD,North America,Truckload,Northwind Freight,58367,194647.12,94.59,0.147,96.8,45,0.32,2026-06-22
69,SEA→LAX,North America,LTL,Atlas Logistics,20098,101171.49,93.27,0.249,99.11,44,0.28,2026-06-22
69,EWR→MEM,North America,Truckload,Meridian Carriers,46204,179214.29,94.76,0.501,96.03,44,0.32,2026-06-22
69,DFW→EWR,North America,LTL,Northwind Freight,19440,99566.45,92.43,0.541,96.85,41,0.28,2026-06-22
69,DFW→LAX,North America,LTL,Atlas Logistics,40554,216066.97,92.36,0.248,99.43,44,0.28,2026-06-22
69,ORD→PHX,North America,Air,Skyway Cargo,17640,182255.43,92.59,0.623,96.45,45,0.42,2026-06-22
69,PHX→ATL,North America,LTL,Atlas Logistics,24426,133164.03,93.14,0.622,97.06,47,0.28,2026-06-22
69,MAD→MXP,Europe,Truckload,Meridian Carriers,25895,86518.44,91.7,0.67,96.68,39,0.32,2026-06-22
69,MXP→FRA,Europe,LTL,BlueLine Express,54360,261163.89,95.71,0.441,97.08,40,0.28,2026-06-22
69,FRA→MXP,Europe,Air,Skyway Cargo,23328,244016.67,98.06,0.524,98.82,44,0.42,2026-06-22
69,AMS→MAD,Europe,Truckload,Northwind Freight,11489,43760.8,89.44,0.296,98.9,43,0.32,2026-06-22
69,WAW→LHR,Europe,Truckload,Atlas Logistics,28324,103618.19,96.41,0.27,97.47,46,0.32,2026-06-22
69,WAW→FRA,Europe,Intermodal,Pacific Rail Co,15007,36943.87,98.36,0.564,96.43,44,0.18,2026-06-22
69,ICN→DEL,Asia Pacific,Truckload,BlueLine Express,56150,214935.57,97.21,0.363,98.2,47,0.32,2026-06-22
69,DEL→SYD,Asia Pacific,Intermodal,Pacific Rail Co,17790,51566.83,88.34,0.506,97.34,40,0.18,2026-06-22
69,NRT→SYD,Asia Pacific,Intermodal,Pacific Rail Co,50990,126120.01,97.96,0.312,96.09,43,0.18,2026-06-22
69,SIN→SYD,Asia Pacific,LTL,Northwind Freight,27831,156047.8,95.93,0.398,96.34,42,0.28,2026-06-22
69,ICN→SYD,Asia Pacific,Intermodal,Pacific Rail Co,39810,107511.83,95.91,0.474,96.76,43,0.18,2026-06-22
69,SYD→NRT,Asia Pacific,Truckload,Northwind Freight,48827,158660.88,98.63,0.329,98.44,45,0.32,2026-06-22
69,DEL→SIN,Asia Pacific,LTL,Atlas Logistics,22420,125989.92,94.91,0.613,98.1,40,0.28,2026-06-22
69,ICN→SIN,Asia Pacific,Truckload,BlueLine Express,13187,48716.66,90.48,0.572,96.85,39,0.32,2026-06-22
70,LAX→ORD,North America,Truckload,BlueLine Express,18837,69404.68,89.31,0.288,98.78,38,0.32,2026-06-29
70,SEA→ORD,North America,Truckload,Northwind Freight,48557,159659.62,95.53,0.178,96.6,46,0.32,2026-06-29
70,SEA→LAX,North America,LTL,Atlas Logistics,20473,102898.12,93.06,0.224,98.79,42,0.28,2026-06-29
70,EWR→MEM,North America,Truckload,Meridian Carriers,47387,179624.42,95.45,0.488,96.92,42,0.32,2026-06-29
70,DFW→EWR,North America,LTL,Northwind Freight,19011,98138.7,91.31,0.6,96.77,45,0.28,2026-06-29
70,DFW→LAX,North America,LTL,Atlas Logistics,44516,225736,90.24,0.247,97.39,43,0.28,2026-06-29
70,ORD→PHX,North America,Air,Skyway Cargo,16807,173510.29,93.47,0.513,96.96,45,0.42,2026-06-29
70,PHX→ATL,North America,LTL,Atlas Logistics,25829,139459.73,91.55,0.642,98.63,41,0.28,2026-06-29
70,MAD→MXP,Europe,Truckload,Meridian Carriers,24235,82211.35,89.9,0.631,97.01,43,0.32,2026-06-29
70,MXP→FRA,Europe,LTL,BlueLine Express,54930,265492.56,94.57,0.513,97.74,44,0.28,2026-06-29
70,FRA→MXP,Europe,Air,Skyway Cargo,23163,236592.54,95.77,0.454,99.23,40,0.42,2026-06-29
70,AMS→MAD,Europe,Truckload,Northwind Freight,11861,42737.9,90.48,0.266,96.64,44,0.32,2026-06-29
70,WAW→LHR,Europe,Truckload,Atlas Logistics,27897,108521.18,97.97,0.205,97.39,47,0.32,2026-06-29
70,WAW→FRA,Europe,Intermodal,Pacific Rail Co,14632,36834.74,98.86,0.632,97.01,39,0.18,2026-06-29
70,ICN→DEL,Asia Pacific,Truckload,BlueLine Express,53197,212729.68,96.27,0.417,97.41,46,0.32,2026-06-29
70,DEL→SYD,Asia Pacific,Intermodal,Pacific Rail Co,19877,57284.86,92.16,0.365,98.55,44,0.18,2026-06-29
70,NRT→SYD,Asia Pacific,Intermodal,Pacific Rail Co,52540,128624.03,99.03,0.182,97.66,45,0.18,2026-06-29
70,SIN→SYD,Asia Pacific,LTL,Northwind Freight,30607,173740.46,93.6,0.332,96.81,39,0.28,2026-06-29
70,ICN→SYD,Asia Pacific,Intermodal,Pacific Rail Co,40892,107195.93,95.47,0.474,96.03,41,0.18,2026-06-29
70,SYD→NRT,Asia Pacific,Truckload,Northwind Freight,53387,173028.24,99.35,0.232,99.07,42,0.32,2026-06-29
70,DEL→SIN,Asia Pacific,LTL,Atlas Logistics,20986,112748.4,94.52,0.66,96.88,45,0.28,2026-06-29
70,ICN→SIN,Asia Pacific,Truckload,BlueLine Express,12247,45166.95,91.85,0.635,96.81,44,0.32,2026-06-29
71,LAX→ORD,North America,Truckload,BlueLine Express,19473,74713.96,91.91,0.235,98.95,45,0.32,2026-07-06
71,SEA→ORD,North America,Truckload,Northwind Freight,52752,185240.4,95.79,0.179,99.04,40,0.32,2026-07-06
71,SEA→LAX,North America,LTL,Atlas Logistics,21404,111767.34,92.84,0.287,98.96,42,0.28,2026-07-06
71,EWR→MEM,North America,Truckload,Meridian Carriers,40091,158020.1,92.09,0.598,96.74,47,0.32,2026-07-06
71,DFW→EWR,North America,LTL,Northwind Freight,18427,92791.08,90.45,0.555,97,43,0.28,2026-07-06
71,DFW→LAX,North America,LTL,Atlas Logistics,41356,208668.51,91.7,0.374,99.32,43,0.28,2026-07-06
71,ORD→PHX,North America,Air,Skyway Cargo,17917,186320.67,90.14,0.52,98.23,42,0.42,2026-07-06
71,PHX→ATL,North America,LTL,Atlas Logistics,29109,160242.99,91.96,0.694,97.85,44,0.28,2026-07-06
71,MAD→MXP,Europe,Truckload,Meridian Carriers,24586,84491.86,92.59,0.654,98.8,38,0.32,2026-07-06
71,MXP→FRA,Europe,LTL,BlueLine Express,49355,249602.84,96.21,0.478,97.48,43,0.28,2026-07-06
71,FRA→MXP,Europe,Air,Skyway Cargo,26858,288793.63,98.61,0.446,97.67,39,0.42,2026-07-06
71,AMS→MAD,Europe,Truckload,Northwind Freight,11671,41826.05,89.85,0.168,96.65,39,0.32,2026-07-06
71,WAW→LHR,Europe,Truckload,Atlas Logistics,26030,94252.98,98.04,0.199,96.12,40,0.32,2026-07-06
71,WAW→FRA,Europe,Intermodal,Pacific Rail Co,15125,37017.03,99.19,0.532,97.85,44,0.18,2026-07-06
71,ICN→DEL,Asia Pacific,Truckload,BlueLine Express,54417,213390.62,97.42,0.389,96.72,42,0.32,2026-07-06
71,DEL→SYD,Asia Pacific,Intermodal,Pacific Rail Co,20710,58527.23,92.04,0.392,99.03,39,0.18,2026-07-06
71,NRT→SYD,Asia Pacific,Intermodal,Pacific Rail Co,56177,142428.98,97.39,0.229,96.88,42,0.18,2026-07-06
71,SIN→SYD,Asia Pacific,LTL,Northwind Freight,27953,154822.44,96.74,0.39,96.44,39,0.28,2026-07-06
71,ICN→SYD,Asia Pacific,Intermodal,Pacific Rail Co,42202,115290.02,93.08,0.354,97.61,46,0.18,2026-07-06
71,SYD→NRT,Asia Pacific,Truckload,Northwind Freight,48032,151946.79,97.13,0.342,98.66,41,0.32,2026-07-06
71,DEL→SIN,Asia Pacific,LTL,Atlas Logistics,23521,130234.51,94.28,0.516,96.15,42,0.28,2026-07-06
71,ICN→SIN,Asia Pacific,Truckload,BlueLine Express,12304,47624.84,89.52,0.579,96.68,38,0.32,2026-07-06
72,LAX→ORD,North America,Truckload,BlueLine Express,20984,76808.51,90.22,0.279,98.93,42,0.32,2026-07-13
72,SEA→ORD,North America,Truckload,Northwind Freight,55813,195992.89,96.14,0.24,96.84,43,0.32,2026-07-13
72,SEA→LAX,North America,LTL,Atlas Logistics,19986,104810.72,93.27,0.277,97.38,42,0.28,2026-07-13
72,EWR→MEM,North America,Truckload,Meridian Carriers,46712,176330.01,93.4,0.629,96.5,43,0.32,2026-07-13
72,DFW→EWR,North America,LTL,Northwind Freight,19979,97929.88,88.7,0.526,97.15,41,0.28,2026-07-13
72,DFW→LAX,North America,LTL,Atlas Logistics,46146,240505.37,91.79,0.262,97.1,45,0.28,2026-07-13
72,ORD→PHX,North America,Air,Skyway Cargo,16924,178454.99,91.58,0.532,96.1,39,0.42,2026-07-13
72,PHX→ATL,North America,LTL,Atlas Logistics,29216,154450.61,93.14,0.742,99.25,42,0.28,2026-07-13
72,MAD→MXP,Europe,Truckload,Meridian Carriers,27368,94825.02,90.81,0.625,96.31,45,0.32,2026-07-13
72,MXP→FRA,Europe,LTL,BlueLine Express,50509,244690.4,96.9,0.481,99.18,40,0.28,2026-07-13
72,FRA→MXP,Europe,Air,Skyway Cargo,24741,256358.74,98.16,0.479,96.28,39,0.42,2026-07-13
72,AMS→MAD,Europe,Truckload,Northwind Freight,12399,47227.74,91.82,0.289,96,43,0.32,2026-07-13
72,WAW→LHR,Europe,Truckload,Atlas Logistics,26835,99923.62,95.76,0.281,97.78,41,0.32,2026-07-13
72,WAW→FRA,Europe,Intermodal,Pacific Rail Co,17392,42708.17,98.03,0.574,99.36,45,0.18,2026-07-13
72,ICN→DEL,Asia Pacific,Truckload,BlueLine Express,62952,259214.51,99.5,0.403,96.28,40,0.32,2026-07-13
72,DEL→SYD,Asia Pacific,Intermodal,Pacific Rail Co,19264,55103.68,89.88,0.503,96.15,46,0.18,2026-07-13
72,NRT→SYD,Asia Pacific,Intermodal,Pacific Rail Co,57547,144704.02,97.14,0.278,98.15,45,0.18,2026-07-13
72,SIN→SYD,Asia Pacific,LTL,Northwind Freight,30663,176148.33,94.87,0.318,97.12,43,0.28,2026-07-13
72,ICN→SYD,Asia Pacific,Intermodal,Pacific Rail Co,45748,126920.04,95.24,0.469,96.86,43,0.18,2026-07-13
72,SYD→NRT,Asia Pacific,Truckload,Northwind Freight,54880,174705.26,97.41,0.347,97.86,41,0.32,2026-07-13
72,DEL→SIN,Asia Pacific,LTL,Atlas Logistics,21103,118652.06,94.06,0.566,98.63,46,0.28,2026-07-13
72,ICN→SIN,Asia Pacific,Truckload,BlueLine Express,13944,53886.86,92.41,0.611,97.64,44,0.32,2026-07-13
73,LAX→ORD,North America,Truckload,BlueLine Express,18907,68648.23,91.01,0.278,96.34,39,0.32,2026-07-20
73,SEA→ORD,North America,Truckload,Northwind Freight,56040,188845.4,98.1,0.242,96.41,45,0.32,2026-07-20
73,SEA→LAX,North America,LTL,Atlas Logistics,22704,117117.38,95.85,0.346,98.15,43,0.28,2026-07-20
73,EWR→MEM,North America,Truckload,Meridian Carriers,42139,160861.62,93.53,0.618,96.18,39,0.32,2026-07-20
73,DFW→EWR,North America,LTL,Northwind Freight,17769,86891.12,91.23,0.609,97.27,47,0.28,2026-07-20
73,DFW→LAX,North America,LTL,Atlas Logistics,50453,253758.57,92.48,0.265,98.81,45,0.28,2026-07-20
73,ORD→PHX,North America,Air,Skyway Cargo,17408,174614.9,90.64,0.563,97.98,39,0.42,2026-07-20
73,PHX→ATL,North America,LTL,Atlas Logistics,28327,150167.86,94.52,0.657,96.73,46,0.28,2026-07-20
73,MAD→MXP,Europe,Truckload,Meridian Carriers,23401,78517.48,92.79,0.715,96.79,42,0.32,2026-07-20
73,MXP→FRA,Europe,LTL,BlueLine Express,51465,262545.18,96.07,0.483,99.3,40,0.28,2026-07-20
73,FRA→MXP,Europe,Air,Skyway Cargo,23787,244645.65,97.37,0.546,96.96,41,0.42,2026-07-20
73,AMS→MAD,Europe,Truckload,Northwind Freight,12107,44932.65,92.37,0.256,98.61,46,0.32,2026-07-20
73,WAW→LHR,Europe,Truckload,Atlas Logistics,29922,108980.83,94.49,0.276,99.02,46,0.32,2026-07-20
73,WAW→FRA,Europe,Intermodal,Pacific Rail Co,16080,39626.08,99,0.596,96.21,43,0.18,2026-07-20
73,ICN→DEL,Asia Pacific,Truckload,BlueLine Express,56729,227713.69,96.52,0.456,98.33,43,0.32,2026-07-20
73,DEL→SYD,Asia Pacific,Intermodal,Pacific Rail Co,18608,54873.12,89.69,0.411,96.3,43,0.18,2026-07-20
73,NRT→SYD,Asia Pacific,Intermodal,Pacific Rail Co,51718,125367.41,97.37,0.216,97.04,44,0.18,2026-07-20
73,SIN→SYD,Asia Pacific,LTL,Northwind Freight,33259,188742.13,97.23,0.374,97.61,44,0.28,2026-07-20
73,ICN→SYD,Asia Pacific,Intermodal,Pacific Rail Co,39918,105427.65,94.2,0.346,96.68,41,0.18,2026-07-20
73,SYD→NRT,Asia Pacific,Truckload,Northwind Freight,52065,166138.62,96.91,0.368,96.2,40,0.32,2026-07-20
73,DEL→SIN,Asia Pacific,LTL,Atlas Logistics,24052,135549.74,94.72,0.531,98.04,40,0.28,2026-07-20
73,ICN→SIN,Asia Pacific,Truckload,BlueLine Express,14185,54354.55,92.62,0.619,98.33,38,0.32,2026-07-20
74,LAX→ORD,North America,Truckload,BlueLine Express,20300,75232.47,88.66,0.297,97.42,39,0.32,2026-07-27
74,SEA→ORD,North America,Truckload,Northwind Freight,56792,184245.99,98.06,0.166,97.68,41,0.32,2026-07-27
74,SEA→LAX,North America,LTL,Atlas Logistics,19010,95947.99,95.68,0.28,96.94,40,0.28,2026-07-27
74,EWR→MEM,North America,Truckload,Meridian Carriers,44762,177347.42,93.34,0.546,98.38,45,0.32,2026-07-27
74,DFW→EWR,North America,LTL,Northwind Freight,17576,87615.13,91.17,0.638,98.92,40,0.28,2026-07-27
74,DFW→LAX,North America,LTL,Atlas Logistics,46682,236569.22,91.9,0.35,98.01,42,0.28,2026-07-27
74,ORD→PHX,North America,Air,Skyway Cargo,18839,191402.25,92.65,0.579,96.72,44,0.42,2026-07-27
74,PHX→ATL,North America,LTL,Atlas Logistics,29593,159935.47,93.33,0.608,96.11,39,0.28,2026-07-27
74,MAD→MXP,Europe,Truckload,Meridian Carriers,24659,81951.16,89,0.713,96.72,45,0.32,2026-07-27
74,MXP→FRA,Europe,LTL,BlueLine Express,51086,250660.4,95.99,0.514,96.63,46,0.28,2026-07-27
74,FRA→MXP,Europe,Air,Skyway Cargo,25695,275917.34,96.25,0.544,98.27,38,0.42,2026-07-27
74,AMS→MAD,Europe,Truckload,Northwind Freight,11426,42544.35,91.43,0.199,98.27,41,0.32,2026-07-27
74,WAW→LHR,Europe,Truckload,Atlas Logistics,27772,106450.94,95.59,0.222,99.31,39,0.32,2026-07-27
74,WAW→FRA,Europe,Intermodal,Pacific Rail Co,17680,45886.76,96.09,0.617,98.7,44,0.18,2026-07-27
74,ICN→DEL,Asia Pacific,Truckload,BlueLine Express,60506,248434.14,96.84,0.387,98.39,45,0.32,2026-07-27
74,DEL→SYD,Asia Pacific,Intermodal,Pacific Rail Co,20510,59553.93,92.17,0.439,97.94,47,0.18,2026-07-27
74,NRT→SYD,Asia Pacific,Intermodal,Pacific Rail Co,54162,129508.39,95.83,0.299,96.03,47,0.18,2026-07-27
74,SIN→SYD,Asia Pacific,LTL,Northwind Freight,32525,193856.91,95.35,0.376,97.13,46,0.28,2026-07-27
74,ICN→SYD,Asia Pacific,Intermodal,Pacific Rail Co,46702,129944.34,95.52,0.382,99.32,46,0.18,2026-07-27
74,SYD→NRT,Asia Pacific,Truckload,Northwind Freight,55914,181700.72,99.5,0.309,97.26,47,0.32,2026-07-27
74,DEL→SIN,Asia Pacific,LTL,Atlas Logistics,25543,140917.58,96.91,0.581,96.05,41,0.28,2026-07-27
74,ICN→SIN,Asia Pacific,Truckload,BlueLine Express,13909,50441.4,92.18,0.691,99.29,41,0.32,2026-07-27
75,LAX→ORD,North America,Truckload,BlueLine Express,19114,72098.3,89.54,0.298,98.42,40,0.32,2026-08-03
75,SEA→ORD,North America,Truckload,Northwind Freight,51396,178818.99,96.3,0.172,97.99,40,0.32,2026-08-03
75,SEA→LAX,North America,LTL,Atlas Logistics,22727,112943.34,92.75,0.216,98.45,44,0.28,2026-08-03
75,EWR→MEM,North America,Truckload,Meridian Carriers,45828,175814.85,94.61,0.601,97.18,46,0.32,2026-08-03
75,DFW→EWR,North America,LTL,Northwind Freight,18408,90252.7,92.04,0.573,96.4,42,0.28,2026-08-03
75,DFW→LAX,North America,LTL,Atlas Logistics,43338,216334.37,93.62,0.379,98.47,42,0.28,2026-08-03
75,ORD→PHX,North America,Air,Skyway Cargo,18973,187114.12,92.41,0.539,98.42,44,0.42,2026-08-03
75,PHX→ATL,North America,LTL,Atlas Logistics,27886,147213.43,93.55,0.712,96.42,46,0.28,2026-08-03
75,MAD→MXP,Europe,Truckload,Meridian Carriers,23315,81395.88,89.86,0.687,96.19,45,0.32,2026-08-03
75,MXP→FRA,Europe,LTL,BlueLine Express,53284,272585.35,94.41,0.505,96.91,41,0.28,2026-08-03
75,FRA→MXP,Europe,Air,Skyway Cargo,22983,230273.21,95.76,0.537,97.96,45,0.42,2026-08-03
75,AMS→MAD,Europe,Truckload,Northwind Freight,11355,40866.01,91.84,0.167,99.05,41,0.32,2026-08-03
75,WAW→LHR,Europe,Truckload,Atlas Logistics,26945,96783.67,96.66,0.242,99.36,41,0.32,2026-08-03
75,WAW→FRA,Europe,Intermodal,Pacific Rail Co,16589,42298.57,96.9,0.595,97.46,47,0.18,2026-08-03
75,ICN→DEL,Asia Pacific,Truckload,BlueLine Express,59536,236636.57,96.02,0.376,96.82,40,0.32,2026-08-03
75,DEL→SYD,Asia Pacific,Intermodal,Pacific Rail Co,21643,64129.09,90.93,0.499,96.18,44,0.18,2026-08-03
75,NRT→SYD,Asia Pacific,Intermodal,Pacific Rail Co,58378,149541.86,97.03,0.258,96.66,43,0.18,2026-08-03
75,SIN→SYD,Asia Pacific,LTL,Northwind Freight,30329,171824.96,96.02,0.356,98.2,43,0.28,2026-08-03
75,ICN→SYD,Asia Pacific,Intermodal,Pacific Rail Co,44291,120313.42,95.56,0.489,98.4,39,0.18,2026-08-03
75,SYD→NRT,Asia Pacific,Truckload,Northwind Freight,52223,170743.66,98.78,0.276,98.56,47,0.32,2026-08-03
75,DEL→SIN,Asia Pacific,LTL,Atlas Logistics,21953,123488.34,96.21,0.577,98.15,44,0.28,2026-08-03
75,ICN→SIN,Asia Pacific,Truckload,BlueLine Express,11860,43439.67,93.21,0.664,99.45,38,0.32,2026-08-03
76,LAX→ORD,North America,Truckload,BlueLine Express,19714,72713.93,88.2,0.243,99.33,41,0.32,2026-08-10
76,SEA→ORD,North America,Truckload,Northwind Freight,56685,185850.28,97.48,0.286,96.36,40,0.32,2026-08-10
76,SEA→LAX,North America,LTL,Atlas Logistics,20376,101889.21,95.42,0.338,97.9,45,0.28,2026-08-10
76,EWR→MEM,North America,Truckload,Meridian Carriers,46581,173637.43,94.58,0.612,97.41,42,0.32,2026-08-10
76,DFW→EWR,North America,LTL,Northwind Freight,18444,95440.99,91.81,0.58,97.56,42,0.28,2026-08-10
76,DFW→LAX,North America,LTL,Atlas Logistics,46343,231461.26,94.03,0.361,98.9,41,0.28,2026-08-10
76,ORD→PHX,North America,Air,Skyway Cargo,19567,201980.33,91.11,0.541,99.32,45,0.42,2026-08-10
76,PHX→ATL,North America,LTL,Atlas Logistics,26839,143472.72,92.07,0.726,98.16,47,0.28,2026-08-10
76,MAD→MXP,Europe,Truckload,Meridian Carriers,23388,76790.88,91.04,0.723,98.18,39,0.32,2026-08-10
76,MXP→FRA,Europe,LTL,BlueLine Express,48658,248661.59,94.22,0.42,96.71,41,0.28,2026-08-10
76,FRA→MXP,Europe,Air,Skyway Cargo,25851,263431.44,97.59,0.475,96.08,45,0.42,2026-08-10
76,AMS→MAD,Europe,Truckload,Northwind Freight,11434,42244.94,92.4,0.176,99.49,43,0.32,2026-08-10
76,WAW→LHR,Europe,Truckload,Atlas Logistics,28701,102936.22,95.26,0.281,99.16,41,0.32,2026-08-10
76,WAW→FRA,Europe,Intermodal,Pacific Rail Co,17014,42235.47,97.79,0.539,96.37,39,0.18,2026-08-10
76,ICN→DEL,Asia Pacific,Truckload,BlueLine Express,57911,233289.5,96.31,0.387,96.08,46,0.32,2026-08-10
76,DEL→SYD,Asia Pacific,Intermodal,Pacific Rail Co,20344,56650.7,91.61,0.417,96.57,38,0.18,2026-08-10
76,NRT→SYD,Asia Pacific,Intermodal,Pacific Rail Co,56903,139066.83,95.58,0.221,99.33,39,0.18,2026-08-10
76,SIN→SYD,Asia Pacific,LTL,Northwind Freight,31908,188695.04,97.3,0.446,98.78,46,0.28,2026-08-10
76,ICN→SYD,Asia Pacific,Intermodal,Pacific Rail Co,46274,125857.47,94.65,0.481,97.56,43,0.18,2026-08-10
76,SYD→NRT,Asia Pacific,Truckload,Northwind Freight,54030,175891.07,98.82,0.368,97.51,41,0.32,2026-08-10
76,DEL→SIN,Asia Pacific,LTL,Atlas Logistics,22349,125356.97,95.45,0.55,96.9,43,0.28,2026-08-10
76,ICN→SIN,Asia Pacific,Truckload,BlueLine Express,12256,43764.3,89.86,0.602,97.69,46,0.32,2026-08-10
77,LAX→ORD,North America,Truckload,BlueLine Express,18960,71019.96,91.04,0.225,97.8,46,0.32,2026-08-17
77,SEA→ORD,North America,Truckload,Northwind Freight,53271,171437.66,95.75,0.198,96.19,42,0.32,2026-08-17
77,SEA→LAX,North America,LTL,Atlas Logistics,20902,107714.03,94.83,0.312,96.01,45,0.28,2026-08-17
77,EWR→MEM,North America,Truckload,Meridian Carriers,44275,164158.41,93.11,0.605,98.65,45,0.32,2026-08-17
77,DFW→EWR,North America,LTL,Northwind Freight,17348,88672.12,90.45,0.605,99.38,45,0.28,2026-08-17
77,DFW→LAX,North America,LTL,Atlas Logistics,49906,264144.33,91.34,0.326,97,43,0.28,2026-08-17
77,ORD→PHX,North America,Air,Skyway Cargo,17638,174307.38,90.35,0.588,97,43,0.42,2026-08-17
77,PHX→ATL,North America,LTL,Atlas Logistics,29147,158781.73,92.34,0.626,98.76,45,0.28,2026-08-17
77,MAD→MXP,Europe,Truckload,Meridian Carriers,27853,92339.23,90,0.725,96.57,44,0.32,2026-08-17
77,MXP→FRA,Europe,LTL,BlueLine Express,54010,265769.1,95.55,0.464,96.87,46,0.28,2026-08-17
77,FRA→MXP,Europe,Air,Skyway Cargo,27439,289442.33,98.77,0.588,98.19,45,0.42,2026-08-17
77,AMS→MAD,Europe,Truckload,Northwind Freight,13047,48442.75,91.23,0.281,97.24,41,0.32,2026-08-17
77,WAW→LHR,Europe,Truckload,Atlas Logistics,29528,105647.19,95.77,0.269,97.8,45,0.32,2026-08-17
77,WAW→FRA,Europe,Intermodal,Pacific Rail Co,16256,41927.33,98.37,0.665,98.18,39,0.18,2026-08-17
77,ICN→DEL,Asia Pacific,Truckload,BlueLine Express,59365,237109.25,99.22,0.46,98.74,47,0.32,2026-08-17
77,DEL→SYD,Asia Pacific,Intermodal,Pacific Rail Co,20005,59143.11,88.3,0.486,98.45,42,0.18,2026-08-17
77,NRT→SYD,Asia Pacific,Intermodal,Pacific Rail Co,58921,140351.31,98.67,0.218,96.73,42,0.18,2026-08-17
77,SIN→SYD,Asia Pacific,LTL,Northwind Freight,28409,157875.3,96.55,0.318,96.53,40,0.28,2026-08-17
77,ICN→SYD,Asia Pacific,Intermodal,Pacific Rail Co,46437,125400.98,92.77,0.401,99.18,46,0.18,2026-08-17
77,SYD→NRT,Asia Pacific,Truckload,Northwind Freight,55350,176120.85,98.56,0.303,96.58,45,0.32,2026-08-17
77,DEL→SIN,Asia Pacific,LTL,Atlas Logistics,24538,131016.17,95.95,0.59,96.86,40,0.28,2026-08-17
77,ICN→SIN,Asia Pacific,Truckload,BlueLine Express,13897,52384.25,93.23,0.661,99.27,44,0.32,2026-08-17
78,LAX→ORD,North America,Truckload,BlueLine Express,20166,76304.18,88.47,0.256,99.45,42,0.32,2026-08-24
78,SEA→ORD,North America,Truckload,Northwind Freight,59801,193235.86,94.87,0.285,98.38,40,0.32,2026-08-24
78,SEA→LAX,North America,LTL,Atlas Logistics,21877,111374.65,94.26,0.336,98.86,46,0.28,2026-08-24
78,EWR→MEM,North America,Truckload,Meridian Carriers,48585,192080.79,93.79,0.576,98,41,0.32,2026-08-24
78,DFW→EWR,North America,LTL,Northwind Freight,16944,86477.85,91.74,0.537,98.11,41,0.28,2026-08-24
78,DFW→LAX,North America,LTL,Atlas Logistics,46484,238167.52,92.48,0.296,96.07,46,0.28,2026-08-24
78,ORD→PHX,North America,Air,Skyway Cargo,19317,188169.08,92.63,0.539,99.35,45,0.42,2026-08-24
78,PHX→ATL,North America,LTL,Atlas Logistics,26010,135909.85,92.85,0.666,96.28,41,0.28,2026-08-24
78,MAD→MXP,Europe,Truckload,Meridian Carriers,26968,93707.27,90.78,0.653,96.08,44,0.32,2026-08-24
78,MXP→FRA,Europe,LTL,BlueLine Express,57522,292899.51,96.65,0.511,99.21,40,0.28,2026-08-24
78,FRA→MXP,Europe,Air,Skyway Cargo,26699,279013.78,96.84,0.562,97.88,39,0.42,2026-08-24
78,AMS→MAD,Europe,Truckload,Northwind Freight,11587,40749.64,88.87,0.262,98.28,42,0.32,2026-08-24
78,WAW→LHR,Europe,Truckload,Atlas Logistics,27713,99084.61,94.32,0.3,98,39,0.32,2026-08-24
78,WAW→FRA,Europe,Intermodal,Pacific Rail Co,16963,41168.9,99.5,0.536,99.32,43,0.18,2026-08-24
78,ICN→DEL,Asia Pacific,Truckload,BlueLine Express,56457,222535.45,96.51,0.456,97.91,46,0.32,2026-08-24
78,DEL→SYD,Asia Pacific,Intermodal,Pacific Rail Co,19750,56734.58,88.45,0.421,96.74,43,0.18,2026-08-24
78,NRT→SYD,Asia Pacific,Intermodal,Pacific Rail Co,60266,146059.42,96.38,0.303,97.21,40,0.18,2026-08-24
78,SIN→SYD,Asia Pacific,LTL,Northwind Freight,28423,164715.23,97.03,0.362,96.92,46,0.28,2026-08-24
78,ICN→SYD,Asia Pacific,Intermodal,Pacific Rail Co,39473,109835.63,95.6,0.424,98.51,38,0.18,2026-08-24
78,SYD→NRT,Asia Pacific,Truckload,Northwind Freight,51004,162499.77,95.96,0.259,98.8,40,0.32,2026-08-24
78,DEL→SIN,Asia Pacific,LTL,Atlas Logistics,25666,139961.85,94.57,0.634,96.77,47,0.28,2026-08-24
78,ICN→SIN,Asia Pacific,Truckload,BlueLine Express,12081,45892.51,89.72,0.642,96.37,47,0.32,2026-08-24
